customer_id,first_name,last_name,email,gender,city,states,signup_date
1,Ajay,Rathod,customer1@example.com,Male,Pune,Maharashtra,27-11-2024
2,Rahul,Sharma,customer2@example.com,Female,Mumbai,Maharashtra,30-01-2024
3,Priya,Patel,customer3@example.com,Male,Nagpur,Maharashtra,11-02-2025
4,Amit,Verma,customer4@example.com,Male,Nashik,Maharashtra,19-09-2024
5,Sneha,Joshi,customer5@example.com,Male,Delhi,Delhi,26-03-2023
6,Rohan,Gupta,customer6@example.com,Female,Bengaluru,Karnataka,28-05-2025
7,Neha,Yadav,customer7@example.com,Female,Hyderabad,Telangana,16-11-2024
8,Karan,Singh,customer8@example.com,Female,Chennai,Tamil Nadu,08-12-2024
9,Pooja,Mehta,customer9@example.com,Female,Ahmedabad,Gujarat,26-04-2023
10,Vikas,Kulkarni,customer10@example.com,Female,Jaipur,Rajasthan,10-02-2024
11,Anjali,Nair,customer11@example.com,Female,Kolkata,West Bengal,30-11-2023
12,Manish,Jain,customer12@example.com,Male,Surat,Gujarat,14-04-2025
13,Kavita,Desai,customer13@example.com,Female,Pune,Maharashtra,02-08-2024
14,Suresh,Patil,customer14@example.com,Male,Mumbai,Maharashtra,10-01-2025
15,Meena,Chauhan,customer15@example.com,Female,Nagpur,Maharashtra,04-02-2024
16,Arjun,Reddy,customer16@example.com,Male,Nashik,Maharashtra,24-07-2023
17,Nisha,Malhotra,customer17@example.com,Male,Delhi,Delhi,14-05-2024
18,Deepak,Saxena,customer18@example.com,Female,Bengaluru,Karnataka,27-02-2023
19,Ritu,Kapoor,customer19@example.com,Female,Hyderabad,Telangana,14-01-2025
20,Sanjay,Mishra,customer20@example.com,Male,Chennai,Tamil Nadu,22-07-2024
21,Asha,Kamble,customer21@example.com,Male,Ahmedabad,Gujarat,13-11-2024
22,Mohit,Pandey,customer22@example.com,Female,Jaipur,Rajasthan,16-11-2023
23,Komal,Shinde,customer23@example.com,Male,Kolkata,West Bengal,23-05-2025
24,Nitin,More,customer24@example.com,Male,Surat,Gujarat,14-03-2025
25,Divya,Jadhav,customer25@example.com,Female,Pune,Maharashtra,01-12-2024
26,Harsh,Tiwari,customer26@example.com,Female,Mumbai,Maharashtra,25-06-2023
27,Payal,Pawar,customer27@example.com,Male,Nagpur,Maharashtra,25-02-2024
28,Abhishek,Naik,customer28@example.com,Male,Nashik,Maharashtra,09-02-2023
29,Shreya,Sawant,customer29@example.com,Female,Delhi,Delhi,19-05-2023
30,Yash,Bhosale,customer30@example.com,Female,Bengaluru,Karnataka,06-09-2024
31,Ajay,Rathod,customer31@example.com,Female,Hyderabad,Telangana,01-11-2024
32,Rahul,Sharma,customer32@example.com,Male,Chennai,Tamil Nadu,20-05-2025
33,Priya,Patel,customer33@example.com,Male,Ahmedabad,Gujarat,21-10-2023
34,Amit,Verma,customer34@example.com,Female,Jaipur,Rajasthan,30-11-2023
35,Sneha,Joshi,customer35@example.com,Male,Kolkata,West Bengal,27-02-2024
36,Rohan,Gupta,customer36@example.com,Female,Surat,Gujarat,20-06-2023
37,Neha,Yadav,customer37@example.com,Male,Pune,Maharashtra,27-04-2023
38,Karan,Singh,customer38@example.com,Female,Mumbai,Maharashtra,04-03-2024
39,Pooja,Mehta,customer39@example.com,Male,Nagpur,Maharashtra,24-07-2023
40,Vikas,Kulkarni,customer40@example.com,Female,Nashik,Maharashtra,25-08-2024
41,Anjali,Nair,customer41@example.com,Female,Delhi,Delhi,29-01-2024
42,Manish,Jain,customer42@example.com,Male,Bengaluru,Karnataka,19-01-2025
43,Kavita,Desai,customer43@example.com,Female,Hyderabad,Telangana,22-09-2024
44,Suresh,Patil,customer44@example.com,Male,Chennai,Tamil Nadu,09-10-2023
45,Meena,Chauhan,customer45@example.com,Female,Ahmedabad,Gujarat,19-01-2025
46,Arjun,Reddy,customer46@example.com,Male,Jaipur,Rajasthan,25-12-2024
47,Nisha,Malhotra,customer47@example.com,Female,Kolkata,West Bengal,15-12-2023
48,Deepak,Saxena,customer48@example.com,Female,Surat,Gujarat,17-09-2023
49,Ritu,Kapoor,customer49@example.com,Male,Pune,Maharashtra,06-09-2024
50,Sanjay,Mishra,customer50@example.com,Female,Mumbai,Maharashtra,06-05-2023
51,Asha,Kamble,customer51@example.com,Female,Nagpur,Maharashtra,29-06-2023
52,Mohit,Pandey,customer52@example.com,Female,Nashik,Maharashtra,07-01-2023
53,Komal,Shinde,customer53@example.com,Female,Delhi,Delhi,09-12-2024
54,Nitin,More,customer54@example.com,Female,Bengaluru,Karnataka,21-08-2024
55,Divya,Jadhav,customer55@example.com,Male,Hyderabad,Telangana,26-09-2024
56,Harsh,Tiwari,customer56@example.com,Male,Chennai,Tamil Nadu,03-12-2024
57,Payal,Pawar,customer57@example.com,Female,Ahmedabad,Gujarat,18-02-2024
58,Abhishek,Naik,customer58@example.com,Female,Jaipur,Rajasthan,26-05-2024
59,Shreya,Sawant,customer59@example.com,Male,Kolkata,West Bengal,06-05-2023
60,Yash,Bhosale,customer60@example.com,Male,Surat,Gujarat,14-04-2023
61,Ajay,Rathod,customer61@example.com,Male,Pune,Maharashtra,24-08-2024
62,Rahul,Sharma,customer62@example.com,Female,Mumbai,Maharashtra,28-02-2024
63,Priya,Patel,customer63@example.com,Female,Nagpur,Maharashtra,23-05-2024
64,Amit,Verma,customer64@example.com,Male,Nashik,Maharashtra,19-11-2024
65,Sneha,Joshi,customer65@example.com,Female,Delhi,Delhi,25-07-2024
66,Rohan,Gupta,customer66@example.com,Female,Bengaluru,Karnataka,13-05-2024
67,Neha,Yadav,customer67@example.com,Male,Hyderabad,Telangana,18-05-2024
68,Karan,Singh,customer68@example.com,Female,Chennai,Tamil Nadu,01-10-2023
69,Pooja,Mehta,customer69@example.com,Female,Ahmedabad,Gujarat,28-01-2023
70,Vikas,Kulkarni,customer70@example.com,Male,Jaipur,Rajasthan,29-01-2024
71,Anjali,Nair,customer71@example.com,Female,Kolkata,West Bengal,13-07-2023
72,Manish,Jain,customer72@example.com,Male,Surat,Gujarat,03-01-2024
73,Kavita,Desai,customer73@example.com,Female,Pune,Maharashtra,07-02-2025
74,Suresh,Patil,customer74@example.com,Male,Mumbai,Maharashtra,30-07-2023
75,Meena,Chauhan,customer75@example.com,Female,Nagpur,Maharashtra,22-02-2023
76,Arjun,Reddy,customer76@example.com,Female,Nashik,Maharashtra,11-09-2023
77,Nisha,Malhotra,customer77@example.com,Female,Delhi,Delhi,22-09-2023
78,Deepak,Saxena,customer78@example.com,Male,Bengaluru,Karnataka,18-08-2024
79,Ritu,Kapoor,customer79@example.com,Male,Hyderabad,Telangana,16-05-2024
80,Sanjay,Mishra,customer80@example.com,Female,Chennai,Tamil Nadu,06-12-2024
81,Asha,Kamble,customer81@example.com,Female,Ahmedabad,Gujarat,20-08-2024
82,Mohit,Pandey,customer82@example.com,Male,Jaipur,Rajasthan,01-01-2024
83,Komal,Shinde,customer83@example.com,Male,Kolkata,West Bengal,02-01-2025
84,Nitin,More,customer84@example.com,Male,Surat,Gujarat,31-05-2023
85,Divya,Jadhav,customer85@example.com,Male,Pune,Maharashtra,21-01-2023
86,Harsh,Tiwari,customer86@example.com,Male,Mumbai,Maharashtra,23-03-2023
87,Payal,Pawar,customer87@example.com,Female,Nagpur,Maharashtra,12-10-2024
88,Abhishek,Naik,customer88@example.com,Female,Nashik,Maharashtra,20-02-2024
89,Shreya,Sawant,customer89@example.com,Female,Delhi,Delhi,26-05-2023
90,Yash,Bhosale,customer90@example.com,Female,Bengaluru,Karnataka,26-03-2024
91,Ajay,Rathod,customer91@example.com,Female,Hyderabad,Telangana,18-05-2023
92,Rahul,Sharma,customer92@example.com,Male,Chennai,Tamil Nadu,18-09-2024
93,Priya,Patel,customer93@example.com,Male,Ahmedabad,Gujarat,06-02-2024
94,Amit,Verma,customer94@example.com,Male,Jaipur,Rajasthan,09-12-2023
95,Sneha,Joshi,customer95@example.com,Male,Kolkata,West Bengal,29-09-2023
96,Rohan,Gupta,customer96@example.com,Female,Surat,Gujarat,21-07-2024
97,Neha,Yadav,customer97@example.com,Female,Pune,Maharashtra,22-11-2023
98,Karan,Singh,customer98@example.com,Female,Mumbai,Maharashtra,20-03-2023
99,Pooja,Mehta,customer99@example.com,Male,Nagpur,Maharashtra,17-04-2023
100,Vikas,Kulkarni,customer100@example.com,Male,Nashik,Maharashtra,15-05-2025
101,Anjali,Nair,customer101@example.com,Male,Delhi,Delhi,28-03-2025
102,Manish,Jain,customer102@example.com,Male,Bengaluru,Karnataka,21-09-2024
103,Kavita,Desai,customer103@example.com,Male,Hyderabad,Telangana,28-08-2023
104,Suresh,Patil,customer104@example.com,Female,Chennai,Tamil Nadu,22-05-2025
105,Meena,Chauhan,customer105@example.com,Male,Ahmedabad,Gujarat,01-12-2024
106,Arjun,Reddy,customer106@example.com,Male,Jaipur,Rajasthan,07-10-2024
107,Nisha,Malhotra,customer107@example.com,Female,Kolkata,West Bengal,09-02-2024
108,Deepak,Saxena,customer108@example.com,Female,Surat,Gujarat,03-09-2023
109,Ritu,Kapoor,customer109@example.com,Male,Pune,Maharashtra,28-03-2023
110,Sanjay,Mishra,customer110@example.com,Male,Mumbai,Maharashtra,23-03-2025
111,Asha,Kamble,customer111@example.com,Male,Nagpur,Maharashtra,15-02-2024
112,Mohit,Pandey,customer112@example.com,Female,Nashik,Maharashtra,02-07-2023
113,Komal,Shinde,customer113@example.com,Female,Delhi,Delhi,03-10-2023
114,Nitin,More,customer114@example.com,Female,Bengaluru,Karnataka,05-06-2024
115,Divya,Jadhav,customer115@example.com,Female,Hyderabad,Telangana,09-06-2023
116,Harsh,Tiwari,customer116@example.com,Male,Chennai,Tamil Nadu,09-02-2025
117,Payal,Pawar,customer117@example.com,Male,Ahmedabad,Gujarat,13-11-2024
118,Abhishek,Naik,customer118@example.com,Male,Jaipur,Rajasthan,09-10-2024
119,Shreya,Sawant,customer119@example.com,Female,Kolkata,West Bengal,24-01-2024
120,Yash,Bhosale,customer120@example.com,Male,Surat,Gujarat,18-07-2024
121,Ajay,Rathod,customer121@example.com,Male,Pune,Maharashtra,09-06-2024
122,Rahul,Sharma,customer122@example.com,Male,Mumbai,Maharashtra,07-08-2024
123,Priya,Patel,customer123@example.com,Female,Nagpur,Maharashtra,17-03-2023
124,Amit,Verma,customer124@example.com,Female,Nashik,Maharashtra,10-01-2024
125,Sneha,Joshi,customer125@example.com,Female,Delhi,Delhi,07-02-2023
126,Rohan,Gupta,customer126@example.com,Male,Bengaluru,Karnataka,20-03-2024
127,Neha,Yadav,customer127@example.com,Male,Hyderabad,Telangana,24-10-2023
128,Karan,Singh,customer128@example.com,Female,Chennai,Tamil Nadu,11-05-2023
129,Pooja,Mehta,customer129@example.com,Female,Ahmedabad,Gujarat,04-04-2023
130,Vikas,Kulkarni,customer130@example.com,Male,Jaipur,Rajasthan,12-06-2024
131,Anjali,Nair,customer131@example.com,Female,Kolkata,West Bengal,03-06-2023
132,Manish,Jain,customer132@example.com,Male,Surat,Gujarat,12-04-2025
133,Kavita,Desai,customer133@example.com,Female,Pune,Maharashtra,06-06-2024
134,Suresh,Patil,customer134@example.com,Male,Mumbai,Maharashtra,09-11-2023
135,Meena,Chauhan,customer135@example.com,Female,Nagpur,Maharashtra,15-06-2024
136,Arjun,Reddy,customer136@example.com,Male,Nashik,Maharashtra,21-01-2023
137,Nisha,Malhotra,customer137@example.com,Male,Delhi,Delhi,12-05-2025
138,Deepak,Saxena,customer138@example.com,Male,Bengaluru,Karnataka,10-03-2024
139,Ritu,Kapoor,customer139@example.com,Male,Hyderabad,Telangana,05-12-2024
140,Sanjay,Mishra,customer140@example.com,Male,Chennai,Tamil Nadu,16-03-2023
141,Asha,Kamble,customer141@example.com,Male,Ahmedabad,Gujarat,13-03-2024
142,Mohit,Pandey,customer142@example.com,Female,Jaipur,Rajasthan,17-03-2024
143,Komal,Shinde,customer143@example.com,Male,Kolkata,West Bengal,24-04-2025
144,Nitin,More,customer144@example.com,Male,Surat,Gujarat,29-05-2024
145,Divya,Jadhav,customer145@example.com,Female,Pune,Maharashtra,02-03-2024
146,Harsh,Tiwari,customer146@example.com,Female,Mumbai,Maharashtra,29-08-2023
147,Payal,Pawar,customer147@example.com,Female,Nagpur,Maharashtra,26-10-2023
148,Abhishek,Naik,customer148@example.com,Female,Nashik,Maharashtra,13-04-2024
149,Shreya,Sawant,customer149@example.com,Female,Delhi,Delhi,31-01-2024
150,Yash,Bhosale,customer150@example.com,Male,Bengaluru,Karnataka,20-01-2023
151,Ajay,Rathod,customer151@example.com,Male,Hyderabad,Telangana,13-01-2025
152,Rahul,Sharma,customer152@example.com,Male,Chennai,Tamil Nadu,17-03-2025
153,Priya,Patel,customer153@example.com,Female,Ahmedabad,Gujarat,07-05-2023
154,Amit,Verma,customer154@example.com,Male,Jaipur,Rajasthan,13-05-2024
155,Sneha,Joshi,customer155@example.com,Male,Kolkata,West Bengal,08-04-2023
156,Rohan,Gupta,customer156@example.com,Female,Surat,Gujarat,28-08-2024
157,Neha,Yadav,customer157@example.com,Male,Pune,Maharashtra,11-09-2023
158,Karan,Singh,customer158@example.com,Male,Mumbai,Maharashtra,16-08-2024
159,Pooja,Mehta,customer159@example.com,Female,Nagpur,Maharashtra,16-10-2024
160,Vikas,Kulkarni,customer160@example.com,Female,Nashik,Maharashtra,22-11-2024
161,Anjali,Nair,customer161@example.com,Male,Delhi,Delhi,07-04-2023
162,Manish,Jain,customer162@example.com,Female,Bengaluru,Karnataka,04-04-2025
163,Kavita,Desai,customer163@example.com,Female,Hyderabad,Telangana,27-07-2023
164,Suresh,Patil,customer164@example.com,Male,Chennai,Tamil Nadu,03-02-2023
165,Meena,Chauhan,customer165@example.com,Male,Ahmedabad,Gujarat,14-05-2024
166,Arjun,Reddy,customer166@example.com,Female,Jaipur,Rajasthan,30-11-2023
167,Nisha,Malhotra,customer167@example.com,Male,Kolkata,West Bengal,16-01-2025
168,Deepak,Saxena,customer168@example.com,Male,Surat,Gujarat,28-12-2024
169,Ritu,Kapoor,customer169@example.com,Female,Pune,Maharashtra,13-10-2023
170,Sanjay,Mishra,customer170@example.com,Male,Mumbai,Maharashtra,07-05-2025
171,Asha,Kamble,customer171@example.com,Female,Nagpur,Maharashtra,19-09-2023
172,Mohit,Pandey,customer172@example.com,Female,Nashik,Maharashtra,08-04-2024
173,Komal,Shinde,customer173@example.com,Female,Delhi,Delhi,19-08-2023
174,Nitin,More,customer174@example.com,Female,Bengaluru,Karnataka,22-04-2025
175,Divya,Jadhav,customer175@example.com,Male,Hyderabad,Telangana,29-05-2023
176,Harsh,Tiwari,customer176@example.com,Female,Chennai,Tamil Nadu,10-02-2023
177,Payal,Pawar,customer177@example.com,Male,Ahmedabad,Gujarat,27-01-2024
178,Abhishek,Naik,customer178@example.com,Female,Jaipur,Rajasthan,12-06-2025
179,Shreya,Sawant,customer179@example.com,Male,Kolkata,West Bengal,13-03-2025
180,Yash,Bhosale,customer180@example.com,Male,Surat,Gujarat,04-11-2024
181,Ajay,Rathod,customer181@example.com,Female,Pune,Maharashtra,12-03-2025
182,Rahul,Sharma,customer182@example.com,Male,Mumbai,Maharashtra,15-03-2025
183,Priya,Patel,customer183@example.com,Male,Nagpur,Maharashtra,11-04-2024
184,Amit,Verma,customer184@example.com,Male,Nashik,Maharashtra,12-10-2023
185,Sneha,Joshi,customer185@example.com,Male,Delhi,Delhi,25-11-2024
186,Rohan,Gupta,customer186@example.com,Male,Bengaluru,Karnataka,18-08-2024
187,Neha,Yadav,customer187@example.com,Male,Hyderabad,Telangana,03-12-2023
188,Karan,Singh,customer188@example.com,Female,Chennai,Tamil Nadu,27-03-2023
189,Pooja,Mehta,customer189@example.com,Female,Ahmedabad,Gujarat,03-11-2024
190,Vikas,Kulkarni,customer190@example.com,Male,Jaipur,Rajasthan,25-08-2023
191,Anjali,Nair,customer191@example.com,Male,Kolkata,West Bengal,23-04-2025
192,Manish,Jain,customer192@example.com,Female,Surat,Gujarat,05-08-2023
193,Kavita,Desai,customer193@example.com,Male,Pune,Maharashtra,21-04-2023
194,Suresh,Patil,customer194@example.com,Male,Mumbai,Maharashtra,18-01-2025
195,Meena,Chauhan,customer195@example.com,Female,Nagpur,Maharashtra,18-05-2023
196,Arjun,Reddy,customer196@example.com,Female,Nashik,Maharashtra,11-06-2023
197,Nisha,Malhotra,customer197@example.com,Male,Delhi,Delhi,23-06-2024
198,Deepak,Saxena,customer198@example.com,Female,Bengaluru,Karnataka,26-02-2025
199,Ritu,Kapoor,customer199@example.com,Male,Hyderabad,Telangana,26-06-2023
200,Sanjay,Mishra,customer200@example.com,Male,Chennai,Tamil Nadu,07-10-2023
201,Asha,Kamble,customer201@example.com,Female,Ahmedabad,Gujarat,30-11-2024
202,Mohit,Pandey,customer202@example.com,Male,Jaipur,Rajasthan,24-05-2025
203,Komal,Shinde,customer203@example.com,Male,Kolkata,West Bengal,26-03-2024
204,Nitin,More,customer204@example.com,Male,Surat,Gujarat,10-05-2023
205,Divya,Jadhav,customer205@example.com,Female,Pune,Maharashtra,13-01-2023
206,Harsh,Tiwari,customer206@example.com,Male,Mumbai,Maharashtra,26-07-2023
207,Payal,Pawar,customer207@example.com,Male,Nagpur,Maharashtra,29-04-2023
208,Abhishek,Naik,customer208@example.com,Male,Nashik,Maharashtra,01-09-2024
209,Shreya,Sawant,customer209@example.com,Female,Delhi,Delhi,20-04-2023
210,Yash,Bhosale,customer210@example.com,Male,Bengaluru,Karnataka,31-03-2024
211,Ajay,Rathod,customer211@example.com,Female,Hyderabad,Telangana,16-09-2024
212,Rahul,Sharma,customer212@example.com,Female,Chennai,Tamil Nadu,07-06-2024
213,Priya,Patel,customer213@example.com,Male,Ahmedabad,Gujarat,29-06-2023
214,Amit,Verma,customer214@example.com,Female,Jaipur,Rajasthan,24-12-2024
215,Sneha,Joshi,customer215@example.com,Male,Kolkata,West Bengal,05-10-2024
216,Rohan,Gupta,customer216@example.com,Male,Surat,Gujarat,27-10-2024
217,Neha,Yadav,customer217@example.com,Female,Pune,Maharashtra,28-04-2023
218,Karan,Singh,customer218@example.com,Male,Mumbai,Maharashtra,22-04-2023
219,Pooja,Mehta,customer219@example.com,Female,Nagpur,Maharashtra,14-04-2025
220,Vikas,Kulkarni,customer220@example.com,Male,Nashik,Maharashtra,24-12-2023
221,Anjali,Nair,customer221@example.com,Female,Delhi,Delhi,28-09-2023
222,Manish,Jain,customer222@example.com,Male,Bengaluru,Karnataka,15-03-2024
223,Kavita,Desai,customer223@example.com,Female,Hyderabad,Telangana,19-08-2024
224,Suresh,Patil,customer224@example.com,Male,Chennai,Tamil Nadu,10-05-2025
225,Meena,Chauhan,customer225@example.com,Female,Ahmedabad,Gujarat,15-09-2023
226,Arjun,Reddy,customer226@example.com,Female,Jaipur,Rajasthan,12-04-2025
227,Nisha,Malhotra,customer227@example.com,Male,Kolkata,West Bengal,23-01-2023
228,Deepak,Saxena,customer228@example.com,Female,Surat,Gujarat,14-05-2024
229,Ritu,Kapoor,customer229@example.com,Male,Pune,Maharashtra,24-07-2024
230,Sanjay,Mishra,customer230@example.com,Female,Mumbai,Maharashtra,06-04-2023
231,Asha,Kamble,customer231@example.com,Female,Nagpur,Maharashtra,07-05-2023
232,Mohit,Pandey,customer232@example.com,Female,Nashik,Maharashtra,13-01-2024
233,Komal,Shinde,customer233@example.com,Male,Delhi,Delhi,19-05-2025
234,Nitin,More,customer234@example.com,Male,Bengaluru,Karnataka,20-06-2024
235,Divya,Jadhav,customer235@example.com,Male,Hyderabad,Telangana,19-04-2025
236,Harsh,Tiwari,customer236@example.com,Female,Chennai,Tamil Nadu,24-12-2024
237,Payal,Pawar,customer237@example.com,Male,Ahmedabad,Gujarat,25-02-2024
238,Abhishek,Naik,customer238@example.com,Female,Jaipur,Rajasthan,07-12-2024
239,Shreya,Sawant,customer239@example.com,Female,Kolkata,West Bengal,17-01-2023
240,Yash,Bhosale,customer240@example.com,Female,Surat,Gujarat,09-04-2023
241,Ajay,Rathod,customer241@example.com,Male,Pune,Maharashtra,16-01-2025
242,Rahul,Sharma,customer242@example.com,Male,Mumbai,Maharashtra,18-12-2024
243,Priya,Patel,customer243@example.com,Male,Nagpur,Maharashtra,29-07-2023
244,Amit,Verma,customer244@example.com,Male,Nashik,Maharashtra,22-04-2024
245,Sneha,Joshi,customer245@example.com,Female,Delhi,Delhi,29-06-2024
246,Rohan,Gupta,customer246@example.com,Female,Bengaluru,Karnataka,19-02-2025
247,Neha,Yadav,customer247@example.com,Female,Hyderabad,Telangana,26-06-2024
248,Karan,Singh,customer248@example.com,Male,Chennai,Tamil Nadu,07-01-2024
249,Pooja,Mehta,customer249@example.com,Male,Ahmedabad,Gujarat,03-12-2023
250,Vikas,Kulkarni,customer250@example.com,Female,Jaipur,Rajasthan,19-01-2024
251,Anjali,Nair,customer251@example.com,Male,Kolkata,West Bengal,09-08-2024
252,Manish,Jain,customer252@example.com,Female,Surat,Gujarat,19-02-2025
253,Kavita,Desai,customer253@example.com,Male,Pune,Maharashtra,13-02-2024
254,Suresh,Patil,customer254@example.com,Female,Mumbai,Maharashtra,12-08-2023
255,Meena,Chauhan,customer255@example.com,Male,Nagpur,Maharashtra,01-08-2023
256,Arjun,Reddy,customer256@example.com,Female,Nashik,Maharashtra,02-11-2024
257,Nisha,Malhotra,customer257@example.com,Female,Delhi,Delhi,04-01-2025
258,Deepak,Saxena,customer258@example.com,Female,Bengaluru,Karnataka,05-04-2023
259,Ritu,Kapoor,customer259@example.com,Female,Hyderabad,Telangana,01-03-2023
260,Sanjay,Mishra,customer260@example.com,Male,Chennai,Tamil Nadu,18-06-2024
261,Asha,Kamble,customer261@example.com,Male,Ahmedabad,Gujarat,12-05-2023
262,Mohit,Pandey,customer262@example.com,Male,Jaipur,Rajasthan,12-01-2025
263,Komal,Shinde,customer263@example.com,Male,Kolkata,West Bengal,07-10-2023
264,Nitin,More,customer264@example.com,Female,Surat,Gujarat,10-05-2023
265,Divya,Jadhav,customer265@example.com,Female,Pune,Maharashtra,08-04-2025
266,Harsh,Tiwari,customer266@example.com,Female,Mumbai,Maharashtra,29-05-2023
267,Payal,Pawar,customer267@example.com,Male,Nagpur,Maharashtra,14-09-2023
268,Abhishek,Naik,customer268@example.com,Female,Nashik,Maharashtra,19-05-2023
269,Shreya,Sawant,customer269@example.com,Male,Delhi,Delhi,14-04-2023
270,Yash,Bhosale,customer270@example.com,Female,Bengaluru,Karnataka,20-01-2023
271,Ajay,Rathod,customer271@example.com,Female,Hyderabad,Telangana,19-02-2023
272,Rahul,Sharma,customer272@example.com,Male,Chennai,Tamil Nadu,07-06-2023
273,Priya,Patel,customer273@example.com,Female,Ahmedabad,Gujarat,18-02-2023
274,Amit,Verma,customer274@example.com,Male,Jaipur,Rajasthan,16-06-2024
275,Sneha,Joshi,customer275@example.com,Female,Kolkata,West Bengal,04-09-2024
276,Rohan,Gupta,customer276@example.com,Female,Surat,Gujarat,21-12-2023
277,Neha,Yadav,customer277@example.com,Female,Pune,Maharashtra,14-10-2023
278,Karan,Singh,customer278@example.com,Female,Mumbai,Maharashtra,30-03-2024
279,Pooja,Mehta,customer279@example.com,Female,Nagpur,Maharashtra,26-02-2025
280,Vikas,Kulkarni,customer280@example.com,Female,Nashik,Maharashtra,05-02-2025
281,Anjali,Nair,customer281@example.com,Female,Delhi,Delhi,09-02-2023
282,Manish,Jain,customer282@example.com,Male,Bengaluru,Karnataka,13-06-2023
283,Kavita,Desai,customer283@example.com,Female,Hyderabad,Telangana,02-08-2023
284,Suresh,Patil,customer284@example.com,Male,Chennai,Tamil Nadu,13-08-2023
285,Meena,Chauhan,customer285@example.com,Female,Ahmedabad,Gujarat,29-05-2024
286,Arjun,Reddy,customer286@example.com,Female,Jaipur,Rajasthan,10-01-2024
287,Nisha,Malhotra,customer287@example.com,Male,Kolkata,West Bengal,14-02-2023
288,Deepak,Saxena,customer288@example.com,Male,Surat,Gujarat,03-12-2023
289,Ritu,Kapoor,customer289@example.com,Female,Pune,Maharashtra,16-04-2024
290,Sanjay,Mishra,customer290@example.com,Female,Mumbai,Maharashtra,02-04-2023
291,Asha,Kamble,customer291@example.com,Male,Nagpur,Maharashtra,20-01-2025
292,Mohit,Pandey,customer292@example.com,Male,Nashik,Maharashtra,16-02-2023
293,Komal,Shinde,customer293@example.com,Male,Delhi,Delhi,12-04-2025
294,Nitin,More,customer294@example.com,Female,Bengaluru,Karnataka,31-03-2023
295,Divya,Jadhav,customer295@example.com,Female,Hyderabad,Telangana,29-01-2025
296,Harsh,Tiwari,customer296@example.com,Female,Chennai,Tamil Nadu,23-03-2025
297,Payal,Pawar,customer297@example.com,Male,Ahmedabad,Gujarat,31-05-2025
298,Abhishek,Naik,customer298@example.com,Male,Jaipur,Rajasthan,22-12-2024
299,Shreya,Sawant,customer299@example.com,Female,Kolkata,West Bengal,02-12-2024
300,Yash,Bhosale,customer300@example.com,Female,Surat,Gujarat,01-08-2024
301,Ajay,Rathod,customer301@example.com,Female,Pune,Maharashtra,02-12-2024
302,Rahul,Sharma,customer302@example.com,Female,Mumbai,Maharashtra,02-05-2023
303,Priya,Patel,customer303@example.com,Female,Nagpur,Maharashtra,27-04-2024
304,Amit,Verma,customer304@example.com,Male,Nashik,Maharashtra,07-04-2024
305,Sneha,Joshi,customer305@example.com,Female,Delhi,Delhi,10-02-2025
306,Rohan,Gupta,customer306@example.com,Female,Bengaluru,Karnataka,21-02-2024
307,Neha,Yadav,customer307@example.com,Female,Hyderabad,Telangana,13-12-2023
308,Karan,Singh,customer308@example.com,Female,Chennai,Tamil Nadu,29-07-2024
309,Pooja,Mehta,customer309@example.com,Male,Ahmedabad,Gujarat,28-08-2023
310,Vikas,Kulkarni,customer310@example.com,Male,Jaipur,Rajasthan,06-05-2023
311,Anjali,Nair,customer311@example.com,Male,Kolkata,West Bengal,06-03-2024
312,Manish,Jain,customer312@example.com,Male,Surat,Gujarat,11-01-2024
313,Kavita,Desai,customer313@example.com,Female,Pune,Maharashtra,29-07-2023
314,Suresh,Patil,customer314@example.com,Male,Mumbai,Maharashtra,27-11-2023
315,Meena,Chauhan,customer315@example.com,Female,Nagpur,Maharashtra,26-11-2023
316,Arjun,Reddy,customer316@example.com,Female,Nashik,Maharashtra,22-10-2023
317,Nisha,Malhotra,customer317@example.com,Male,Delhi,Delhi,08-12-2023
318,Deepak,Saxena,customer318@example.com,Male,Bengaluru,Karnataka,09-09-2024
319,Ritu,Kapoor,customer319@example.com,Male,Hyderabad,Telangana,25-09-2023
320,Sanjay,Mishra,customer320@example.com,Female,Chennai,Tamil Nadu,03-05-2025
321,Asha,Kamble,customer321@example.com,Female,Ahmedabad,Gujarat,04-04-2025
322,Mohit,Pandey,customer322@example.com,Female,Jaipur,Rajasthan,08-03-2024
323,Komal,Shinde,customer323@example.com,Female,Kolkata,West Bengal,23-10-2023
324,Nitin,More,customer324@example.com,Male,Surat,Gujarat,26-04-2024
325,Divya,Jadhav,customer325@example.com,Female,Pune,Maharashtra,02-02-2025
326,Harsh,Tiwari,customer326@example.com,Male,Mumbai,Maharashtra,10-08-2024
327,Payal,Pawar,customer327@example.com,Male,Nagpur,Maharashtra,24-12-2024
328,Abhishek,Naik,customer328@example.com,Female,Nashik,Maharashtra,24-04-2024
329,Shreya,Sawant,customer329@example.com,Female,Delhi,Delhi,23-07-2024
330,Yash,Bhosale,customer330@example.com,Male,Bengaluru,Karnataka,17-09-2023
331,Ajay,Rathod,customer331@example.com,Male,Hyderabad,Telangana,23-10-2024
332,Rahul,Sharma,customer332@example.com,Male,Chennai,Tamil Nadu,02-07-2023
333,Priya,Patel,customer333@example.com,Female,Ahmedabad,Gujarat,17-09-2024
334,Amit,Verma,customer334@example.com,Female,Jaipur,Rajasthan,13-02-2025
335,Sneha,Joshi,customer335@example.com,Female,Kolkata,West Bengal,29-04-2023
336,Rohan,Gupta,customer336@example.com,Female,Surat,Gujarat,06-07-2024
337,Neha,Yadav,customer337@example.com,Female,Pune,Maharashtra,27-03-2023
338,Karan,Singh,customer338@example.com,Female,Mumbai,Maharashtra,15-10-2024
339,Pooja,Mehta,customer339@example.com,Female,Nagpur,Maharashtra,18-03-2023
340,Vikas,Kulkarni,customer340@example.com,Female,Nashik,Maharashtra,22-04-2025
341,Anjali,Nair,customer341@example.com,Female,Delhi,Delhi,04-05-2023
342,Manish,Jain,customer342@example.com,Female,Bengaluru,Karnataka,12-05-2025
343,Kavita,Desai,customer343@example.com,Male,Hyderabad,Telangana,21-12-2024
344,Suresh,Patil,customer344@example.com,Male,Chennai,Tamil Nadu,18-06-2024
345,Meena,Chauhan,customer345@example.com,Male,Ahmedabad,Gujarat,05-12-2024
346,Arjun,Reddy,customer346@example.com,Female,Jaipur,Rajasthan,16-12-2024
347,Nisha,Malhotra,customer347@example.com,Female,Kolkata,West Bengal,01-05-2025
348,Deepak,Saxena,customer348@example.com,Male,Surat,Gujarat,17-08-2023
349,Ritu,Kapoor,customer349@example.com,Female,Pune,Maharashtra,15-06-2024
350,Sanjay,Mishra,customer350@example.com,Male,Mumbai,Maharashtra,27-03-2023
351,Asha,Kamble,customer351@example.com,Female,Nagpur,Maharashtra,08-07-2024
352,Mohit,Pandey,customer352@example.com,Male,Nashik,Maharashtra,04-06-2023
353,Komal,Shinde,customer353@example.com,Male,Delhi,Delhi,23-05-2024
354,Nitin,More,customer354@example.com,Male,Bengaluru,Karnataka,30-05-2024
355,Divya,Jadhav,customer355@example.com,Male,Hyderabad,Telangana,24-02-2024
356,Harsh,Tiwari,customer356@example.com,Female,Chennai,Tamil Nadu,15-04-2024
357,Payal,Pawar,customer357@example.com,Female,Ahmedabad,Gujarat,18-11-2024
358,Abhishek,Naik,customer358@example.com,Female,Jaipur,Rajasthan,20-12-2024
359,Shreya,Sawant,customer359@example.com,Female,Kolkata,West Bengal,18-03-2024
360,Yash,Bhosale,customer360@example.com,Male,Surat,Gujarat,23-06-2024
361,Ajay,Rathod,customer361@example.com,Male,Pune,Maharashtra,18-04-2025
362,Rahul,Sharma,customer362@example.com,Female,Mumbai,Maharashtra,18-04-2023
363,Priya,Patel,customer363@example.com,Female,Nagpur,Maharashtra,16-04-2023
364,Amit,Verma,customer364@example.com,Female,Nashik,Maharashtra,20-03-2023
365,Sneha,Joshi,customer365@example.com,Male,Delhi,Delhi,15-08-2024
366,Rohan,Gupta,customer366@example.com,Female,Bengaluru,Karnataka,12-01-2024
367,Neha,Yadav,customer367@example.com,Female,Hyderabad,Telangana,27-11-2024
368,Karan,Singh,customer368@example.com,Male,Chennai,Tamil Nadu,27-08-2024
369,Pooja,Mehta,customer369@example.com,Female,Ahmedabad,Gujarat,28-10-2023
370,Vikas,Kulkarni,customer370@example.com,Female,Jaipur,Rajasthan,19-03-2025
371,Anjali,Nair,customer371@example.com,Female,Kolkata,West Bengal,17-11-2024
372,Manish,Jain,customer372@example.com,Female,Surat,Gujarat,01-09-2023
373,Kavita,Desai,customer373@example.com,Female,Pune,Maharashtra,24-11-2023
374,Suresh,Patil,customer374@example.com,Female,Mumbai,Maharashtra,10-10-2023
375,Meena,Chauhan,customer375@example.com,Male,Nagpur,Maharashtra,22-05-2023
376,Arjun,Reddy,customer376@example.com,Female,Nashik,Maharashtra,14-05-2023
377,Nisha,Malhotra,customer377@example.com,Male,Delhi,Delhi,22-04-2025
378,Deepak,Saxena,customer378@example.com,Female,Bengaluru,Karnataka,30-01-2024
379,Ritu,Kapoor,customer379@example.com,Female,Hyderabad,Telangana,11-12-2023
380,Sanjay,Mishra,customer380@example.com,Male,Chennai,Tamil Nadu,18-10-2024
381,Asha,Kamble,customer381@example.com,Male,Ahmedabad,Gujarat,12-05-2024
382,Mohit,Pandey,customer382@example.com,Female,Jaipur,Rajasthan,22-04-2025
383,Komal,Shinde,customer383@example.com,Male,Kolkata,West Bengal,03-12-2024
384,Nitin,More,customer384@example.com,Female,Surat,Gujarat,07-03-2024
385,Divya,Jadhav,customer385@example.com,Male,Pune,Maharashtra,05-12-2023
386,Harsh,Tiwari,customer386@example.com,Female,Mumbai,Maharashtra,06-06-2025
387,Payal,Pawar,customer387@example.com,Male,Nagpur,Maharashtra,07-10-2024
388,Abhishek,Naik,customer388@example.com,Female,Nashik,Maharashtra,06-05-2025
389,Shreya,Sawant,customer389@example.com,Male,Delhi,Delhi,17-04-2023
390,Yash,Bhosale,customer390@example.com,Male,Bengaluru,Karnataka,04-02-2025
391,Ajay,Rathod,customer391@example.com,Female,Hyderabad,Telangana,27-07-2024
392,Rahul,Sharma,customer392@example.com,Male,Chennai,Tamil Nadu,20-04-2023
393,Priya,Patel,customer393@example.com,Male,Ahmedabad,Gujarat,13-06-2024
394,Amit,Verma,customer394@example.com,Male,Jaipur,Rajasthan,09-09-2024
395,Sneha,Joshi,customer395@example.com,Female,Kolkata,West Bengal,12-01-2023
396,Rohan,Gupta,customer396@example.com,Male,Surat,Gujarat,13-02-2024
397,Neha,Yadav,customer397@example.com,Female,Pune,Maharashtra,12-01-2025
398,Karan,Singh,customer398@example.com,Male,Mumbai,Maharashtra,23-09-2023
399,Pooja,Mehta,customer399@example.com,Female,Nagpur,Maharashtra,17-02-2024
400,Vikas,Kulkarni,customer400@example.com,Male,Nashik,Maharashtra,03-02-2024
401,Anjali,Nair,customer401@example.com,Male,Delhi,Delhi,29-09-2023
402,Manish,Jain,customer402@example.com,Female,Bengaluru,Karnataka,06-04-2025
403,Kavita,Desai,customer403@example.com,Female,Hyderabad,Telangana,04-12-2024
404,Suresh,Patil,customer404@example.com,Female,Chennai,Tamil Nadu,10-04-2023
405,Meena,Chauhan,customer405@example.com,Male,Ahmedabad,Gujarat,16-06-2025
406,Arjun,Reddy,customer406@example.com,Male,Jaipur,Rajasthan,02-03-2025
407,Nisha,Malhotra,customer407@example.com,Female,Kolkata,West Bengal,13-09-2023
408,Deepak,Saxena,customer408@example.com,Female,Surat,Gujarat,23-01-2025
409,Ritu,Kapoor,customer409@example.com,Male,Pune,Maharashtra,06-04-2023
410,Sanjay,Mishra,customer410@example.com,Female,Mumbai,Maharashtra,18-06-2025
411,Asha,Kamble,customer411@example.com,Male,Nagpur,Maharashtra,22-08-2024
412,Mohit,Pandey,customer412@example.com,Male,Nashik,Maharashtra,08-08-2024
413,Komal,Shinde,customer413@example.com,Female,Delhi,Delhi,23-03-2023
414,Nitin,More,customer414@example.com,Female,Bengaluru,Karnataka,18-03-2025
415,Divya,Jadhav,customer415@example.com,Female,Hyderabad,Telangana,27-01-2023
416,Harsh,Tiwari,customer416@example.com,Male,Chennai,Tamil Nadu,05-08-2023
417,Payal,Pawar,customer417@example.com,Male,Ahmedabad,Gujarat,09-05-2023
418,Abhishek,Naik,customer418@example.com,Female,Jaipur,Rajasthan,30-11-2024
419,Shreya,Sawant,customer419@example.com,Female,Kolkata,West Bengal,28-06-2023
420,Yash,Bhosale,customer420@example.com,Male,Surat,Gujarat,30-03-2025
421,Ajay,Rathod,customer421@example.com,Male,Pune,Maharashtra,13-08-2024
422,Rahul,Sharma,customer422@example.com,Female,Mumbai,Maharashtra,02-02-2023
423,Priya,Patel,customer423@example.com,Male,Nagpur,Maharashtra,05-01-2023
424,Amit,Verma,customer424@example.com,Male,Nashik,Maharashtra,16-02-2023
425,Sneha,Joshi,customer425@example.com,Female,Delhi,Delhi,29-06-2024
426,Rohan,Gupta,customer426@example.com,Female,Bengaluru,Karnataka,22-12-2024
427,Neha,Yadav,customer427@example.com,Female,Hyderabad,Telangana,03-08-2023
428,Karan,Singh,customer428@example.com,Male,Chennai,Tamil Nadu,03-02-2025
429,Pooja,Mehta,customer429@example.com,Male,Ahmedabad,Gujarat,21-02-2023
430,Vikas,Kulkarni,customer430@example.com,Female,Jaipur,Rajasthan,21-12-2024
431,Anjali,Nair,customer431@example.com,Female,Kolkata,West Bengal,15-04-2025
432,Manish,Jain,customer432@example.com,Male,Surat,Gujarat,25-11-2024
433,Kavita,Desai,customer433@example.com,Female,Pune,Maharashtra,20-09-2024
434,Suresh,Patil,customer434@example.com,Female,Mumbai,Maharashtra,24-01-2025
435,Meena,Chauhan,customer435@example.com,Male,Nagpur,Maharashtra,06-02-2023
436,Arjun,Reddy,customer436@example.com,Male,Nashik,Maharashtra,01-07-2023
437,Nisha,Malhotra,customer437@example.com,Male,Delhi,Delhi,23-04-2023
438,Deepak,Saxena,customer438@example.com,Female,Bengaluru,Karnataka,30-03-2024
439,Ritu,Kapoor,customer439@example.com,Female,Hyderabad,Telangana,01-11-2024
440,Sanjay,Mishra,customer440@example.com,Female,Chennai,Tamil Nadu,21-07-2024
441,Asha,Kamble,customer441@example.com,Male,Ahmedabad,Gujarat,05-02-2025
442,Mohit,Pandey,customer442@example.com,Male,Jaipur,Rajasthan,20-05-2023
443,Komal,Shinde,customer443@example.com,Female,Kolkata,West Bengal,23-10-2024
444,Nitin,More,customer444@example.com,Male,Surat,Gujarat,23-06-2023
445,Divya,Jadhav,customer445@example.com,Male,Pune,Maharashtra,01-09-2023
446,Harsh,Tiwari,customer446@example.com,Male,Mumbai,Maharashtra,30-09-2024
447,Payal,Pawar,customer447@example.com,Female,Nagpur,Maharashtra,01-06-2025
448,Abhishek,Naik,customer448@example.com,Female,Nashik,Maharashtra,04-07-2024
449,Shreya,Sawant,customer449@example.com,Female,Delhi,Delhi,19-02-2023
450,Yash,Bhosale,customer450@example.com,Male,Bengaluru,Karnataka,08-07-2024
451,Ajay,Rathod,customer451@example.com,Male,Hyderabad,Telangana,08-02-2023
452,Rahul,Sharma,customer452@example.com,Male,Chennai,Tamil Nadu,06-03-2025
453,Priya,Patel,customer453@example.com,Male,Ahmedabad,Gujarat,30-09-2024
454,Amit,Verma,customer454@example.com,Male,Jaipur,Rajasthan,05-06-2023
455,Sneha,Joshi,customer455@example.com,Male,Kolkata,West Bengal,24-03-2023
456,Rohan,Gupta,customer456@example.com,Female,Surat,Gujarat,15-06-2023
457,Neha,Yadav,customer457@example.com,Male,Pune,Maharashtra,01-06-2025
458,Karan,Singh,customer458@example.com,Female,Mumbai,Maharashtra,17-02-2024
459,Pooja,Mehta,customer459@example.com,Female,Nagpur,Maharashtra,06-12-2024
460,Vikas,Kulkarni,customer460@example.com,Male,Nashik,Maharashtra,26-07-2024
461,Anjali,Nair,customer461@example.com,Female,Delhi,Delhi,30-05-2024
462,Manish,Jain,customer462@example.com,Male,Bengaluru,Karnataka,11-05-2023
463,Kavita,Desai,customer463@example.com,Male,Hyderabad,Telangana,01-05-2025
464,Suresh,Patil,customer464@example.com,Female,Chennai,Tamil Nadu,29-09-2023
465,Meena,Chauhan,customer465@example.com,Male,Ahmedabad,Gujarat,04-06-2024
466,Arjun,Reddy,customer466@example.com,Female,Jaipur,Rajasthan,21-09-2024
467,Nisha,Malhotra,customer467@example.com,Male,Kolkata,West Bengal,07-08-2024
468,Deepak,Saxena,customer468@example.com,Male,Surat,Gujarat,26-04-2025
469,Ritu,Kapoor,customer469@example.com,Male,Pune,Maharashtra,14-05-2023
470,Sanjay,Mishra,customer470@example.com,Male,Mumbai,Maharashtra,02-04-2024
471,Asha,Kamble,customer471@example.com,Female,Nagpur,Maharashtra,30-12-2023
472,Mohit,Pandey,customer472@example.com,Female,Nashik,Maharashtra,02-03-2024
473,Komal,Shinde,customer473@example.com,Male,Delhi,Delhi,18-04-2023
474,Nitin,More,customer474@example.com,Female,Bengaluru,Karnataka,01-05-2023
475,Divya,Jadhav,customer475@example.com,Female,Hyderabad,Telangana,08-09-2023
476,Harsh,Tiwari,customer476@example.com,Male,Chennai,Tamil Nadu,02-10-2023
477,Payal,Pawar,customer477@example.com,Female,Ahmedabad,Gujarat,21-01-2024
478,Abhishek,Naik,customer478@example.com,Female,Jaipur,Rajasthan,03-07-2024
479,Shreya,Sawant,customer479@example.com,Male,Kolkata,West Bengal,25-07-2024
480,Yash,Bhosale,customer480@example.com,Female,Surat,Gujarat,06-01-2024
481,Ajay,Rathod,customer481@example.com,Male,Pune,Maharashtra,03-01-2024
482,Rahul,Sharma,customer482@example.com,Female,Mumbai,Maharashtra,15-07-2023
483,Priya,Patel,customer483@example.com,Female,Nagpur,Maharashtra,13-06-2024
484,Amit,Verma,customer484@example.com,Female,Nashik,Maharashtra,13-10-2023
485,Sneha,Joshi,customer485@example.com,Female,Delhi,Delhi,02-02-2023
486,Rohan,Gupta,customer486@example.com,Male,Bengaluru,Karnataka,12-01-2024
487,Neha,Yadav,customer487@example.com,Male,Hyderabad,Telangana,02-03-2024
488,Karan,Singh,customer488@example.com,Male,Chennai,Tamil Nadu,23-07-2023
489,Pooja,Mehta,customer489@example.com,Male,Ahmedabad,Gujarat,30-05-2024
490,Vikas,Kulkarni,customer490@example.com,Male,Jaipur,Rajasthan,24-05-2024
491,Anjali,Nair,customer491@example.com,Female,Kolkata,West Bengal,23-09-2024
492,Manish,Jain,customer492@example.com,Female,Surat,Gujarat,06-08-2024
493,Kavita,Desai,customer493@example.com,Female,Pune,Maharashtra,10-08-2024
494,Suresh,Patil,customer494@example.com,Female,Mumbai,Maharashtra,12-10-2023
495,Meena,Chauhan,customer495@example.com,Male,Nagpur,Maharashtra,09-12-2024
496,Arjun,Reddy,customer496@example.com,Male,Nashik,Maharashtra,09-05-2024
497,Nisha,Malhotra,customer497@example.com,Male,Delhi,Delhi,24-01-2024
498,Deepak,Saxena,customer498@example.com,Female,Bengaluru,Karnataka,17-07-2024
499,Ritu,Kapoor,customer499@example.com,Female,Hyderabad,Telangana,21-11-2023
500,Sanjay,Mishra,customer500@example.com,Female,Chennai,Tamil Nadu,06-04-2024
