order_id,customer_id,order_date,order_status,shipping_city
1,268,2025-01-22,Delivered,Nashik
2,167,2024-06-27,Delivered,Kolkata
3,19,2025-11-17,Cancelled,Hyderabad
4,2,2025-07-21,Delivered,Mumbai
5,142,2024-12-24,Delivered,Jaipur
6,197,2025-01-26,Delivered,Delhi
7,181,2024-04-06,Delivered,Pune
8,92,2025-11-26,Delivered,Chennai
9,418,2025-11-26,Delivered,Jaipur
10,187,2025-02-08,Delivered,Hyderabad
11,83,2024-07-03,Delivered,Kolkata
12,191,2024-03-27,Cancelled,Kolkata
13,1,2024-08-22,Delivered,Pune
14,36,2024-12-05,Delivered,Surat
15,265,2025-01-23,Delivered,Pune
16,420,2025-12-22,Processing,Surat
17,409,2025-06-25,Delivered,Pune
18,420,2024-04-21,Cancelled,Surat
19,341,2024-09-06,Delivered,Delhi
20,466,2024-09-06,Shipped,Jaipur
21,329,2025-03-30,Shipped,Delhi
22,319,2025-08-02,Delivered,Hyderabad
23,106,2025-11-05,Delivered,Jaipur
24,144,2025-04-11,Delivered,Surat
25,277,2025-12-26,Delivered,Pune
26,440,2024-02-15,Delivered,Chennai
27,399,2024-04-04,Delivered,Nagpur
28,394,2025-04-06,Delivered,Jaipur
29,77,2025-11-03,Delivered,Delhi
30,207,2025-06-14,Delivered,Nagpur
31,152,2025-04-26,Delivered,Chennai
32,37,2024-12-11,Returned,Pune
33,263,2024-09-07,Delivered,Kolkata
34,46,2025-05-10,Processing,Jaipur
35,292,2024-01-30,Delivered,Nashik
36,145,2025-10-13,Shipped,Pune
37,139,2025-12-25,Delivered,Hyderabad
38,376,2025-04-26,Delivered,Nashik
39,181,2025-11-22,Delivered,Pune
40,368,2025-06-23,Delivered,Chennai
41,448,2025-02-14,Shipped,Nashik
42,295,2025-01-06,Cancelled,Hyderabad
43,166,2024-11-02,Delivered,Jaipur
44,202,2024-09-06,Delivered,Jaipur
45,233,2024-11-17,Delivered,Delhi
46,414,2024-03-07,Delivered,Bengaluru
47,66,2025-04-23,Delivered,Bengaluru
48,153,2024-01-15,Delivered,Ahmedabad
49,403,2024-05-24,Shipped,Hyderabad
50,470,2025-09-20,Delivered,Mumbai
51,457,2025-05-02,Delivered,Pune
52,436,2024-07-19,Delivered,Nashik
53,141,2024-07-25,Delivered,Ahmedabad
54,458,2025-10-26,Delivered,Mumbai
55,481,2025-01-30,Shipped,Pune
56,385,2025-11-26,Delivered,Pune
57,373,2024-07-05,Delivered,Pune
58,33,2024-08-21,Returned,Ahmedabad
59,260,2024-10-18,Shipped,Chennai
60,273,2024-01-17,Delivered,Ahmedabad
61,351,2025-09-30,Delivered,Nagpur
62,182,2024-11-20,Cancelled,Mumbai
63,424,2025-09-15,Delivered,Nashik
64,429,2025-02-01,Delivered,Ahmedabad
65,222,2025-04-06,Delivered,Bengaluru
66,405,2024-06-27,Cancelled,Ahmedabad
67,478,2025-11-05,Processing,Jaipur
68,469,2025-12-15,Shipped,Pune
69,499,2025-07-12,Shipped,Hyderabad
70,53,2024-12-16,Delivered,Delhi
71,350,2024-06-24,Delivered,Mumbai
72,317,2024-07-30,Delivered,Delhi
73,231,2025-03-03,Delivered,Nagpur
74,144,2024-06-08,Processing,Surat
75,146,2025-09-20,Delivered,Mumbai
76,183,2024-01-06,Delivered,Nagpur
77,228,2025-08-05,Processing,Surat
78,118,2024-04-10,Shipped,Jaipur
79,303,2024-03-25,Delivered,Nagpur
80,226,2025-12-29,Delivered,Jaipur
81,473,2024-04-22,Delivered,Delhi
82,201,2025-03-28,Cancelled,Ahmedabad
83,145,2025-12-16,Delivered,Pune
84,470,2024-04-10,Shipped,Mumbai
85,125,2024-07-16,Cancelled,Delhi
86,112,2025-04-29,Delivered,Nashik
87,356,2025-08-30,Delivered,Chennai
88,78,2024-11-05,Delivered,Bengaluru
89,122,2024-12-31,Shipped,Mumbai
90,399,2025-04-21,Returned,Nagpur
91,12,2025-12-30,Delivered,Surat
92,53,2024-03-10,Shipped,Delhi
93,60,2025-12-13,Delivered,Surat
94,149,2024-12-02,Delivered,Delhi
95,105,2024-02-07,Delivered,Ahmedabad
96,382,2024-09-14,Shipped,Jaipur
97,341,2025-08-30,Processing,Delhi
98,469,2024-10-31,Delivered,Pune
99,118,2025-06-30,Processing,Jaipur
100,84,2024-12-24,Cancelled,Surat
101,134,2024-04-15,Processing,Mumbai
102,458,2024-03-11,Delivered,Mumbai
103,154,2025-01-24,Delivered,Jaipur
104,256,2024-02-08,Delivered,Nashik
105,44,2024-11-14,Shipped,Chennai
106,50,2024-01-26,Delivered,Mumbai
107,374,2025-08-23,Delivered,Mumbai
108,14,2024-04-17,Processing,Mumbai
109,135,2025-08-23,Delivered,Nagpur
110,228,2025-08-21,Delivered,Surat
111,212,2024-10-14,Shipped,Chennai
112,294,2024-07-06,Shipped,Bengaluru
113,101,2025-01-03,Shipped,Delhi
114,358,2024-12-05,Delivered,Jaipur
115,206,2024-06-09,Delivered,Mumbai
116,325,2025-07-02,Delivered,Pune
117,380,2024-03-03,Delivered,Chennai
118,82,2024-05-08,Processing,Jaipur
119,31,2024-10-17,Returned,Hyderabad
120,427,2024-04-10,Delivered,Hyderabad
121,90,2024-11-23,Delivered,Bengaluru
122,92,2025-09-30,Returned,Chennai
123,478,2025-09-29,Delivered,Jaipur
124,309,2024-06-10,Delivered,Ahmedabad
125,474,2024-07-30,Shipped,Bengaluru
126,4,2025-02-17,Delivered,Nashik
127,192,2025-08-27,Shipped,Surat
128,233,2024-01-20,Delivered,Delhi
129,466,2025-03-15,Delivered,Jaipur
130,310,2024-07-08,Delivered,Jaipur
131,130,2025-07-07,Processing,Jaipur
132,175,2025-02-13,Delivered,Hyderabad
133,378,2024-07-16,Delivered,Bengaluru
134,82,2024-08-17,Delivered,Jaipur
135,320,2025-05-08,Delivered,Chennai
136,182,2024-01-01,Delivered,Mumbai
137,300,2025-10-14,Delivered,Surat
138,390,2024-05-05,Cancelled,Bengaluru
139,48,2024-12-09,Delivered,Surat
140,421,2025-11-13,Delivered,Pune
141,171,2024-06-06,Delivered,Nagpur
142,232,2024-05-22,Delivered,Nashik
143,14,2024-06-05,Delivered,Mumbai
144,208,2024-05-31,Delivered,Nashik
145,261,2024-05-08,Delivered,Ahmedabad
146,326,2025-09-20,Delivered,Mumbai
147,172,2024-09-20,Delivered,Nashik
148,263,2024-09-17,Delivered,Kolkata
149,465,2025-03-21,Delivered,Ahmedabad
150,401,2025-10-10,Cancelled,Delhi
151,350,2024-03-13,Delivered,Mumbai
152,26,2024-03-25,Delivered,Mumbai
153,204,2024-03-30,Processing,Surat
154,482,2025-07-04,Processing,Mumbai
155,346,2025-01-19,Returned,Jaipur
156,222,2024-02-02,Delivered,Bengaluru
157,32,2024-08-24,Cancelled,Chennai
158,44,2025-02-25,Processing,Chennai
159,463,2024-05-04,Returned,Hyderabad
160,164,2024-12-30,Delivered,Chennai
161,145,2025-12-09,Delivered,Pune
162,403,2024-10-17,Delivered,Hyderabad
163,236,2024-04-03,Delivered,Chennai
164,109,2024-05-21,Delivered,Pune
165,400,2025-09-24,Delivered,Nashik
166,289,2024-09-18,Delivered,Pune
167,220,2024-11-11,Delivered,Nashik
168,190,2025-11-07,Cancelled,Jaipur
169,366,2024-10-12,Delivered,Bengaluru
170,136,2024-11-25,Delivered,Nashik
171,192,2024-12-03,Delivered,Surat
172,176,2025-02-08,Delivered,Chennai
173,486,2024-09-09,Delivered,Bengaluru
174,267,2024-03-10,Delivered,Nagpur
175,251,2025-06-11,Delivered,Kolkata
176,432,2024-06-05,Delivered,Surat
177,380,2025-07-05,Delivered,Chennai
178,264,2025-08-26,Cancelled,Surat
179,91,2025-03-12,Delivered,Hyderabad
180,497,2024-02-08,Cancelled,Delhi
181,424,2024-10-13,Cancelled,Nashik
182,461,2025-02-26,Delivered,Delhi
183,309,2024-01-29,Shipped,Ahmedabad
184,457,2025-02-14,Delivered,Pune
185,168,2025-06-26,Processing,Surat
186,120,2024-12-28,Delivered,Surat
187,227,2024-01-04,Shipped,Kolkata
188,469,2024-08-29,Processing,Pune
189,495,2024-09-29,Delivered,Nagpur
190,30,2024-07-16,Delivered,Bengaluru
191,218,2025-07-19,Delivered,Mumbai
192,108,2025-01-26,Returned,Surat
193,39,2025-12-04,Processing,Nagpur
194,426,2024-05-16,Delivered,Bengaluru
195,482,2025-10-03,Delivered,Mumbai
196,59,2024-03-14,Processing,Kolkata
197,253,2024-12-17,Delivered,Pune
198,320,2025-12-17,Delivered,Chennai
199,456,2024-11-06,Delivered,Surat
200,64,2024-10-31,Delivered,Nashik
201,441,2025-08-03,Processing,Ahmedabad
202,35,2024-07-26,Delivered,Kolkata
203,366,2025-09-30,Delivered,Bengaluru
204,471,2025-01-14,Delivered,Nagpur
205,217,2025-05-18,Delivered,Pune
206,314,2025-05-02,Delivered,Mumbai
207,396,2025-03-27,Delivered,Surat
208,291,2024-12-03,Delivered,Nagpur
209,466,2024-06-05,Delivered,Jaipur
210,288,2024-05-17,Delivered,Surat
211,93,2024-03-11,Cancelled,Ahmedabad
212,100,2024-10-22,Processing,Nashik
213,208,2025-12-12,Delivered,Nashik
214,292,2025-04-20,Processing,Nashik
215,443,2025-04-07,Delivered,Kolkata
216,67,2024-11-10,Delivered,Hyderabad
217,103,2025-01-25,Returned,Hyderabad
218,240,2025-11-30,Delivered,Surat
219,102,2025-05-30,Delivered,Bengaluru
220,262,2025-10-21,Delivered,Jaipur
221,156,2025-11-14,Processing,Surat
222,456,2024-03-26,Delivered,Surat
223,3,2025-09-01,Delivered,Nagpur
224,362,2025-01-25,Cancelled,Mumbai
225,436,2025-02-18,Delivered,Nashik
226,397,2024-11-20,Delivered,Pune
227,87,2025-12-08,Delivered,Nagpur
228,396,2024-05-18,Delivered,Surat
229,99,2025-12-04,Delivered,Nagpur
230,337,2025-09-25,Shipped,Pune
231,271,2025-08-28,Returned,Hyderabad
232,310,2025-09-06,Cancelled,Jaipur
233,314,2024-04-02,Shipped,Mumbai
234,151,2025-02-02,Delivered,Hyderabad
235,483,2025-10-18,Returned,Nagpur
236,219,2025-05-29,Delivered,Nagpur
237,229,2024-11-29,Delivered,Pune
238,140,2024-09-20,Delivered,Chennai
239,58,2024-03-06,Delivered,Jaipur
240,285,2025-07-23,Delivered,Ahmedabad
241,97,2025-11-10,Delivered,Pune
242,44,2024-01-26,Delivered,Chennai
243,431,2024-05-30,Returned,Kolkata
244,410,2024-06-08,Delivered,Mumbai
245,333,2025-11-14,Returned,Ahmedabad
246,21,2024-06-21,Delivered,Ahmedabad
247,178,2024-04-22,Delivered,Jaipur
248,75,2024-05-22,Delivered,Nagpur
249,183,2025-10-28,Delivered,Nagpur
250,331,2025-04-01,Delivered,Hyderabad
251,254,2025-08-07,Delivered,Mumbai
252,326,2025-09-22,Cancelled,Mumbai
253,64,2024-09-10,Delivered,Nashik
254,236,2024-06-13,Delivered,Chennai
255,311,2025-11-21,Delivered,Kolkata
256,163,2025-07-16,Delivered,Hyderabad
257,212,2024-05-13,Delivered,Chennai
258,93,2025-04-21,Delivered,Ahmedabad
259,82,2024-11-13,Delivered,Jaipur
260,384,2025-06-10,Delivered,Surat
261,358,2025-11-14,Delivered,Jaipur
262,412,2024-03-19,Delivered,Nashik
263,266,2025-01-14,Delivered,Mumbai
264,469,2024-11-14,Returned,Pune
265,50,2024-12-20,Delivered,Mumbai
266,461,2024-11-03,Delivered,Delhi
267,367,2025-03-08,Delivered,Hyderabad
268,360,2025-04-10,Delivered,Surat
269,299,2025-12-17,Delivered,Kolkata
270,248,2025-10-16,Delivered,Chennai
271,359,2024-02-14,Processing,Kolkata
272,360,2025-04-18,Shipped,Surat
273,452,2024-11-08,Delivered,Chennai
274,97,2025-09-17,Delivered,Pune
275,151,2024-09-10,Delivered,Hyderabad
276,390,2025-05-05,Returned,Bengaluru
277,353,2024-09-27,Delivered,Delhi
278,315,2025-08-15,Delivered,Nagpur
279,23,2025-06-21,Delivered,Kolkata
280,267,2024-06-06,Shipped,Nagpur
281,175,2024-04-05,Delivered,Hyderabad
282,187,2025-04-02,Shipped,Hyderabad
283,113,2025-10-15,Delivered,Delhi
284,282,2024-03-21,Returned,Bengaluru
285,402,2024-04-22,Delivered,Bengaluru
286,198,2024-07-31,Delivered,Bengaluru
287,95,2025-10-06,Shipped,Kolkata
288,85,2025-05-31,Delivered,Pune
289,376,2024-09-18,Delivered,Nashik
290,402,2024-04-17,Delivered,Bengaluru
291,125,2024-08-13,Delivered,Delhi
292,354,2025-02-05,Shipped,Bengaluru
293,75,2024-02-21,Delivered,Nagpur
294,121,2025-07-25,Shipped,Pune
295,55,2025-08-18,Delivered,Hyderabad
296,220,2025-08-22,Delivered,Nashik
297,170,2024-09-20,Delivered,Mumbai
298,116,2024-12-07,Delivered,Chennai
299,360,2024-06-24,Shipped,Surat
300,88,2024-08-17,Delivered,Nashik
301,183,2024-04-05,Delivered,Nagpur
302,351,2024-08-09,Delivered,Nagpur
303,451,2024-06-21,Shipped,Hyderabad
304,30,2025-11-09,Delivered,Bengaluru
305,315,2025-04-14,Processing,Nagpur
306,312,2025-12-30,Delivered,Surat
307,221,2025-10-11,Cancelled,Delhi
308,253,2025-07-31,Delivered,Pune
309,381,2024-02-29,Delivered,Ahmedabad
310,291,2024-12-14,Delivered,Nagpur
311,246,2024-10-24,Delivered,Bengaluru
312,382,2025-02-07,Processing,Jaipur
313,495,2024-03-20,Delivered,Nagpur
314,99,2025-08-01,Processing,Nagpur
315,386,2025-12-27,Processing,Mumbai
316,60,2025-10-11,Delivered,Surat
317,65,2024-10-20,Delivered,Delhi
318,412,2025-03-18,Cancelled,Nashik
319,216,2024-09-08,Delivered,Surat
320,308,2024-08-04,Delivered,Chennai
321,112,2024-05-22,Delivered,Nashik
322,315,2025-11-23,Delivered,Nagpur
323,30,2025-08-31,Shipped,Bengaluru
324,336,2024-05-20,Delivered,Surat
325,113,2025-08-15,Delivered,Delhi
326,461,2025-10-28,Delivered,Delhi
327,150,2025-05-09,Processing,Bengaluru
328,211,2024-06-20,Delivered,Hyderabad
329,172,2025-12-05,Delivered,Nashik
330,3,2024-11-09,Delivered,Nagpur
331,350,2024-07-03,Shipped,Mumbai
332,305,2025-07-17,Delivered,Delhi
333,369,2025-09-01,Delivered,Ahmedabad
334,339,2024-01-04,Delivered,Nagpur
335,182,2025-12-26,Delivered,Mumbai
336,105,2024-05-31,Delivered,Ahmedabad
337,365,2025-08-14,Delivered,Delhi
338,71,2024-10-15,Shipped,Kolkata
339,79,2024-09-28,Delivered,Hyderabad
340,87,2024-05-22,Delivered,Nagpur
341,218,2024-12-15,Processing,Mumbai
342,264,2025-04-13,Shipped,Surat
343,68,2025-12-18,Delivered,Chennai
344,327,2024-10-21,Cancelled,Nagpur
345,36,2024-06-28,Shipped,Surat
346,44,2025-07-04,Delivered,Chennai
347,208,2024-12-07,Delivered,Nashik
348,87,2024-05-15,Delivered,Nagpur
349,119,2024-07-30,Shipped,Kolkata
350,106,2025-10-24,Processing,Jaipur
351,319,2024-07-13,Delivered,Hyderabad
352,60,2024-07-04,Delivered,Surat
353,12,2025-11-19,Delivered,Surat
354,465,2024-06-13,Processing,Ahmedabad
355,317,2024-10-18,Delivered,Delhi
356,43,2024-04-28,Delivered,Hyderabad
357,217,2025-07-25,Delivered,Pune
358,197,2025-10-31,Processing,Delhi
359,125,2025-09-11,Delivered,Delhi
360,262,2024-02-06,Processing,Jaipur
361,271,2024-08-11,Delivered,Hyderabad
362,269,2025-07-08,Delivered,Delhi
363,61,2025-07-24,Cancelled,Pune
364,53,2025-06-15,Delivered,Delhi
365,29,2025-10-01,Delivered,Delhi
366,493,2025-06-27,Processing,Pune
367,81,2025-07-01,Delivered,Ahmedabad
368,212,2024-03-27,Delivered,Chennai
369,155,2025-01-02,Delivered,Kolkata
370,253,2025-03-01,Delivered,Pune
371,417,2025-07-28,Cancelled,Ahmedabad
372,400,2024-06-29,Shipped,Nashik
373,145,2025-05-09,Delivered,Pune
374,399,2024-05-17,Shipped,Nagpur
375,227,2025-12-02,Shipped,Kolkata
376,408,2025-11-01,Returned,Surat
377,197,2024-09-13,Delivered,Delhi
378,330,2024-12-11,Returned,Bengaluru
379,112,2024-03-09,Delivered,Nashik
380,308,2025-10-01,Delivered,Chennai
381,259,2025-07-29,Delivered,Hyderabad
382,306,2025-12-16,Cancelled,Bengaluru
383,390,2024-08-07,Shipped,Bengaluru
384,104,2024-09-02,Delivered,Chennai
385,148,2025-04-25,Processing,Nashik
386,474,2024-01-18,Delivered,Bengaluru
387,459,2025-06-03,Delivered,Nagpur
388,303,2024-12-27,Delivered,Nagpur
389,227,2024-09-11,Processing,Kolkata
390,376,2024-01-23,Delivered,Nashik
391,209,2025-11-20,Delivered,Delhi
392,180,2025-07-01,Delivered,Surat
393,263,2025-09-24,Shipped,Kolkata
394,368,2025-10-08,Delivered,Chennai
395,274,2025-01-22,Shipped,Jaipur
396,400,2024-06-28,Delivered,Nashik
397,204,2024-01-20,Returned,Surat
398,222,2025-06-02,Delivered,Bengaluru
399,186,2025-06-27,Delivered,Bengaluru
400,52,2024-12-13,Delivered,Nashik
401,31,2025-04-12,Delivered,Hyderabad
402,9,2025-10-10,Processing,Ahmedabad
403,30,2024-09-12,Delivered,Bengaluru
404,65,2024-04-12,Returned,Delhi
405,85,2025-10-21,Cancelled,Pune
406,414,2024-08-30,Delivered,Bengaluru
407,146,2024-06-03,Delivered,Mumbai
408,94,2024-03-28,Delivered,Jaipur
409,31,2025-12-23,Delivered,Hyderabad
410,16,2024-04-06,Processing,Nashik
411,368,2025-02-27,Shipped,Chennai
412,19,2025-04-05,Cancelled,Hyderabad
413,154,2025-04-11,Delivered,Jaipur
414,470,2025-06-04,Delivered,Mumbai
415,353,2024-09-09,Delivered,Delhi
416,35,2024-05-03,Shipped,Kolkata
417,391,2024-07-09,Delivered,Hyderabad
418,378,2024-06-28,Processing,Bengaluru
419,345,2024-08-29,Shipped,Ahmedabad
420,323,2025-09-17,Delivered,Kolkata
421,441,2025-07-12,Delivered,Ahmedabad
422,377,2024-06-07,Shipped,Delhi
423,326,2025-10-26,Delivered,Mumbai
424,493,2025-02-19,Delivered,Pune
425,170,2025-02-08,Delivered,Mumbai
426,223,2025-03-21,Delivered,Hyderabad
427,463,2024-04-08,Shipped,Hyderabad
428,309,2025-05-07,Shipped,Ahmedabad
429,305,2024-02-24,Delivered,Delhi
430,26,2024-10-25,Delivered,Mumbai
431,499,2024-06-11,Delivered,Hyderabad
432,417,2025-06-26,Delivered,Ahmedabad
433,423,2025-08-28,Delivered,Nagpur
434,19,2025-07-09,Delivered,Hyderabad
435,271,2024-12-30,Delivered,Hyderabad
436,361,2025-11-08,Delivered,Pune
437,480,2025-01-20,Delivered,Surat
438,500,2025-06-22,Delivered,Chennai
439,205,2025-01-11,Delivered,Pune
440,258,2025-11-03,Delivered,Bengaluru
441,279,2024-12-07,Returned,Nagpur
442,257,2024-11-24,Delivered,Delhi
443,213,2024-06-07,Delivered,Ahmedabad
444,294,2024-01-01,Delivered,Bengaluru
445,184,2025-07-15,Shipped,Nashik
446,355,2024-01-24,Delivered,Hyderabad
447,488,2024-04-22,Cancelled,Chennai
448,484,2024-05-02,Delivered,Nashik
449,98,2024-08-26,Delivered,Mumbai
450,155,2024-10-27,Shipped,Kolkata
451,77,2024-06-17,Cancelled,Delhi
452,473,2024-12-31,Shipped,Delhi
453,247,2025-09-12,Returned,Hyderabad
454,404,2024-06-12,Delivered,Chennai
455,175,2024-07-01,Delivered,Hyderabad
456,320,2025-03-01,Returned,Chennai
457,5,2025-12-23,Delivered,Delhi
458,171,2025-04-11,Processing,Nagpur
459,201,2025-11-12,Delivered,Ahmedabad
460,190,2025-01-20,Processing,Jaipur
461,113,2024-08-09,Delivered,Delhi
462,121,2025-12-20,Returned,Pune
463,460,2025-10-23,Shipped,Nashik
464,481,2024-07-15,Delivered,Pune
465,319,2025-02-03,Delivered,Hyderabad
466,88,2025-01-04,Delivered,Nashik
467,207,2024-10-25,Shipped,Nagpur
468,404,2024-08-31,Delivered,Chennai
469,264,2024-04-02,Delivered,Surat
470,267,2025-09-12,Delivered,Nagpur
471,29,2024-06-15,Shipped,Delhi
472,493,2025-02-08,Delivered,Pune
473,489,2024-08-18,Delivered,Ahmedabad
474,128,2025-04-23,Delivered,Chennai
475,344,2024-02-17,Delivered,Chennai
476,462,2025-02-28,Delivered,Bengaluru
477,12,2025-09-11,Delivered,Surat
478,260,2025-03-18,Delivered,Chennai
479,338,2024-11-19,Delivered,Mumbai
480,226,2025-08-09,Cancelled,Jaipur
481,64,2024-01-09,Delivered,Nashik
482,297,2025-10-21,Delivered,Ahmedabad
483,341,2024-04-19,Delivered,Delhi
484,405,2025-04-26,Shipped,Ahmedabad
485,99,2025-03-13,Returned,Nagpur
486,436,2024-12-26,Delivered,Nashik
487,461,2024-12-14,Delivered,Delhi
488,371,2024-06-12,Delivered,Kolkata
489,53,2024-09-14,Shipped,Delhi
490,180,2024-01-14,Delivered,Surat
491,272,2025-04-15,Delivered,Chennai
492,316,2025-07-20,Processing,Nashik
493,111,2025-06-03,Delivered,Nagpur
494,433,2024-12-12,Delivered,Pune
495,348,2024-06-28,Delivered,Surat
496,433,2024-06-12,Delivered,Pune
497,82,2024-10-29,Delivered,Jaipur
498,70,2025-08-24,Cancelled,Jaipur
499,218,2024-05-26,Cancelled,Mumbai
500,267,2024-01-14,Cancelled,Nagpur
501,260,2025-11-25,Delivered,Chennai
502,437,2025-07-11,Returned,Delhi
503,99,2025-10-23,Returned,Nagpur
504,96,2025-02-05,Delivered,Surat
505,34,2025-09-12,Delivered,Jaipur
506,470,2025-03-24,Delivered,Mumbai
507,320,2025-02-21,Delivered,Chennai
508,332,2025-06-24,Delivered,Chennai
509,352,2025-06-16,Processing,Nashik
510,262,2024-12-10,Delivered,Jaipur
511,273,2024-08-15,Returned,Ahmedabad
512,66,2025-06-19,Delivered,Bengaluru
513,485,2024-05-07,Delivered,Delhi
514,365,2024-12-04,Cancelled,Delhi
515,261,2025-06-19,Delivered,Ahmedabad
516,474,2025-09-19,Delivered,Bengaluru
517,100,2025-09-13,Delivered,Nashik
518,295,2025-03-27,Cancelled,Hyderabad
519,63,2024-07-07,Shipped,Nagpur
520,323,2025-12-21,Delivered,Kolkata
521,226,2024-03-05,Delivered,Jaipur
522,429,2024-09-05,Delivered,Ahmedabad
523,208,2024-12-12,Shipped,Nashik
524,71,2024-07-27,Delivered,Kolkata
525,13,2025-09-09,Delivered,Pune
526,159,2025-09-07,Delivered,Nagpur
527,401,2025-11-26,Delivered,Delhi
528,95,2024-03-25,Cancelled,Kolkata
529,345,2024-12-23,Delivered,Ahmedabad
530,136,2024-04-21,Shipped,Nashik
531,67,2024-02-04,Delivered,Hyderabad
532,228,2024-04-12,Delivered,Surat
533,346,2024-10-29,Delivered,Jaipur
534,135,2024-07-23,Delivered,Nagpur
535,343,2025-03-24,Delivered,Hyderabad
536,165,2025-04-20,Delivered,Ahmedabad
537,207,2024-01-11,Delivered,Nagpur
538,168,2024-11-29,Delivered,Surat
539,383,2025-08-14,Delivered,Kolkata
540,424,2025-01-22,Delivered,Nashik
541,73,2024-01-16,Delivered,Pune
542,379,2024-09-08,Delivered,Hyderabad
543,370,2024-03-14,Shipped,Jaipur
544,417,2025-11-18,Delivered,Ahmedabad
545,490,2025-03-15,Shipped,Jaipur
546,452,2024-07-26,Shipped,Chennai
547,251,2025-04-06,Cancelled,Kolkata
548,492,2025-12-17,Delivered,Surat
549,184,2024-11-20,Delivered,Nashik
550,269,2024-04-17,Delivered,Delhi
551,46,2025-12-21,Delivered,Jaipur
552,39,2024-11-26,Processing,Nagpur
553,257,2024-08-24,Delivered,Delhi
554,76,2025-12-14,Delivered,Nashik
555,10,2024-04-05,Delivered,Jaipur
556,363,2025-11-21,Delivered,Nagpur
557,395,2025-01-02,Delivered,Kolkata
558,274,2024-11-05,Cancelled,Jaipur
559,366,2025-01-01,Returned,Bengaluru
560,487,2024-07-07,Delivered,Hyderabad
561,364,2025-09-19,Delivered,Nashik
562,65,2024-07-23,Processing,Delhi
563,432,2024-10-11,Delivered,Surat
564,456,2025-12-13,Delivered,Surat
565,354,2024-08-08,Delivered,Bengaluru
566,202,2024-10-13,Delivered,Jaipur
567,358,2025-05-11,Delivered,Jaipur
568,254,2025-05-07,Delivered,Mumbai
569,254,2024-09-16,Delivered,Mumbai
570,152,2025-06-07,Delivered,Chennai
571,327,2024-09-20,Processing,Nagpur
572,28,2025-02-21,Delivered,Nashik
573,21,2025-10-19,Delivered,Ahmedabad
574,371,2024-01-29,Delivered,Kolkata
575,277,2024-03-31,Delivered,Pune
576,340,2025-06-29,Delivered,Nashik
577,149,2025-08-12,Cancelled,Delhi
578,114,2025-03-18,Shipped,Bengaluru
579,208,2025-06-04,Returned,Nashik
580,245,2024-09-06,Delivered,Delhi
581,56,2025-01-13,Delivered,Chennai
582,391,2024-05-09,Delivered,Hyderabad
583,174,2024-01-11,Cancelled,Bengaluru
584,303,2024-07-12,Delivered,Nagpur
585,473,2024-03-20,Delivered,Delhi
586,168,2024-07-18,Delivered,Surat
587,177,2024-07-22,Delivered,Ahmedabad
588,457,2024-10-03,Delivered,Pune
589,491,2024-09-04,Delivered,Kolkata
590,164,2024-03-06,Delivered,Chennai
591,113,2024-05-27,Shipped,Delhi
592,300,2025-12-24,Cancelled,Surat
593,23,2025-01-03,Delivered,Kolkata
594,467,2024-08-17,Shipped,Kolkata
595,35,2025-07-12,Processing,Kolkata
596,240,2025-10-15,Delivered,Surat
597,61,2025-07-13,Processing,Pune
598,383,2024-08-13,Cancelled,Kolkata
599,247,2024-03-09,Returned,Hyderabad
600,223,2025-07-16,Delivered,Hyderabad
601,139,2025-04-24,Delivered,Hyderabad
602,335,2025-07-16,Shipped,Kolkata
603,402,2025-03-15,Processing,Bengaluru
604,175,2024-03-12,Delivered,Hyderabad
605,490,2024-10-29,Delivered,Jaipur
606,330,2024-11-23,Delivered,Bengaluru
607,486,2024-10-13,Delivered,Bengaluru
608,25,2025-10-03,Delivered,Pune
609,431,2025-10-14,Delivered,Kolkata
610,379,2024-08-27,Delivered,Hyderabad
611,26,2024-10-31,Delivered,Mumbai
612,188,2025-01-01,Delivered,Chennai
613,384,2024-09-13,Delivered,Surat
614,276,2024-10-28,Processing,Surat
615,483,2024-07-06,Returned,Nagpur
616,4,2025-07-26,Returned,Nashik
617,290,2025-09-03,Delivered,Mumbai
618,464,2025-01-19,Delivered,Chennai
619,114,2025-08-20,Delivered,Bengaluru
620,159,2024-07-11,Cancelled,Nagpur
621,471,2024-03-25,Delivered,Nagpur
622,192,2025-06-10,Delivered,Surat
623,169,2025-03-12,Processing,Pune
624,7,2024-02-19,Delivered,Hyderabad
625,148,2024-07-07,Delivered,Nashik
626,190,2024-03-27,Cancelled,Jaipur
627,131,2025-10-15,Delivered,Kolkata
628,131,2024-08-23,Delivered,Kolkata
629,167,2025-06-08,Delivered,Kolkata
630,236,2024-04-24,Delivered,Chennai
631,361,2025-12-30,Delivered,Pune
632,158,2025-09-28,Delivered,Mumbai
633,386,2025-11-04,Delivered,Mumbai
634,450,2024-03-24,Cancelled,Bengaluru
635,328,2025-11-22,Delivered,Nashik
636,164,2024-09-16,Delivered,Chennai
637,369,2024-10-30,Delivered,Ahmedabad
638,276,2025-10-17,Delivered,Surat
639,239,2025-05-29,Delivered,Kolkata
640,296,2024-01-29,Delivered,Chennai
641,52,2024-09-04,Delivered,Nashik
642,223,2024-03-09,Cancelled,Hyderabad
643,445,2025-06-30,Processing,Pune
644,245,2024-04-09,Delivered,Delhi
645,470,2024-09-25,Delivered,Mumbai
646,234,2024-08-04,Delivered,Bengaluru
647,235,2024-09-26,Delivered,Hyderabad
648,333,2024-10-08,Delivered,Ahmedabad
649,349,2024-07-10,Delivered,Pune
650,165,2024-10-10,Delivered,Ahmedabad
651,347,2025-01-24,Shipped,Kolkata
652,9,2024-10-03,Delivered,Ahmedabad
653,133,2025-12-06,Delivered,Pune
654,62,2025-10-26,Shipped,Mumbai
655,176,2024-02-12,Delivered,Chennai
656,496,2025-05-24,Returned,Nashik
657,401,2024-11-30,Delivered,Delhi
658,222,2025-02-14,Delivered,Bengaluru
659,353,2025-07-02,Delivered,Delhi
660,41,2025-06-12,Processing,Delhi
661,300,2025-04-04,Delivered,Surat
662,224,2025-07-04,Processing,Chennai
663,263,2025-09-26,Delivered,Kolkata
664,50,2025-02-10,Delivered,Mumbai
665,78,2025-09-20,Delivered,Bengaluru
666,245,2024-11-02,Delivered,Delhi
667,449,2024-09-04,Shipped,Delhi
668,155,2024-05-29,Delivered,Kolkata
669,248,2025-10-10,Shipped,Chennai
670,42,2024-05-25,Delivered,Bengaluru
671,98,2025-12-10,Shipped,Mumbai
672,294,2025-03-21,Delivered,Bengaluru
673,304,2024-08-06,Delivered,Nashik
674,37,2025-06-15,Delivered,Pune
675,450,2024-01-04,Shipped,Bengaluru
676,495,2025-11-23,Shipped,Nagpur
677,106,2024-12-10,Delivered,Jaipur
678,437,2024-11-14,Delivered,Delhi
679,394,2025-01-15,Delivered,Jaipur
680,147,2025-03-12,Cancelled,Nagpur
681,309,2025-12-27,Delivered,Ahmedabad
682,197,2024-10-07,Delivered,Delhi
683,382,2024-09-14,Delivered,Jaipur
684,138,2024-05-07,Shipped,Bengaluru
685,413,2024-12-28,Cancelled,Delhi
686,422,2024-01-24,Delivered,Mumbai
687,14,2024-10-21,Delivered,Mumbai
688,147,2024-07-10,Returned,Nagpur
689,166,2024-06-01,Delivered,Jaipur
690,67,2025-02-22,Delivered,Hyderabad
691,417,2025-02-27,Delivered,Ahmedabad
692,157,2025-08-26,Delivered,Pune
693,369,2024-11-08,Shipped,Ahmedabad
694,106,2025-09-25,Delivered,Jaipur
695,278,2025-02-18,Delivered,Mumbai
696,163,2024-05-04,Delivered,Hyderabad
697,259,2025-06-15,Delivered,Hyderabad
698,4,2025-06-12,Delivered,Nashik
699,496,2025-09-21,Processing,Nashik
700,38,2024-03-05,Delivered,Mumbai
701,445,2024-02-11,Processing,Pune
702,368,2024-06-20,Delivered,Chennai
703,384,2024-11-07,Shipped,Surat
704,444,2024-12-22,Delivered,Surat
705,445,2025-12-23,Delivered,Pune
706,287,2025-08-29,Delivered,Kolkata
707,146,2024-12-14,Cancelled,Mumbai
708,57,2025-04-30,Shipped,Ahmedabad
709,382,2024-07-11,Delivered,Jaipur
710,31,2024-09-24,Delivered,Hyderabad
711,133,2024-12-03,Delivered,Pune
712,349,2024-08-11,Delivered,Pune
713,433,2024-09-23,Delivered,Pune
714,404,2025-09-28,Delivered,Chennai
715,288,2024-04-07,Shipped,Surat
716,484,2025-09-10,Delivered,Nashik
717,219,2024-04-19,Delivered,Nagpur
718,57,2024-02-04,Shipped,Ahmedabad
719,89,2025-12-21,Delivered,Delhi
720,168,2025-06-30,Delivered,Surat
721,425,2025-03-08,Shipped,Delhi
722,423,2024-09-19,Delivered,Nagpur
723,154,2025-03-10,Returned,Jaipur
724,486,2024-07-07,Delivered,Bengaluru
725,252,2024-03-31,Delivered,Surat
726,306,2025-03-11,Shipped,Bengaluru
727,346,2025-07-03,Cancelled,Jaipur
728,195,2025-08-11,Delivered,Nagpur
729,264,2025-02-09,Delivered,Surat
730,437,2024-08-28,Cancelled,Delhi
731,270,2025-05-12,Returned,Bengaluru
732,250,2024-10-31,Delivered,Jaipur
733,460,2024-12-21,Delivered,Nashik
734,195,2024-06-21,Delivered,Nagpur
735,69,2024-02-19,Cancelled,Ahmedabad
736,382,2024-03-31,Delivered,Jaipur
737,376,2025-07-12,Delivered,Nashik
738,77,2025-10-19,Shipped,Delhi
739,54,2024-02-20,Shipped,Bengaluru
740,423,2025-04-06,Shipped,Nagpur
741,30,2025-08-27,Shipped,Bengaluru
742,440,2025-03-03,Delivered,Chennai
743,461,2025-05-24,Returned,Delhi
744,30,2025-03-04,Delivered,Bengaluru
745,207,2024-11-15,Shipped,Nagpur
746,191,2025-12-29,Delivered,Kolkata
747,4,2024-05-27,Delivered,Nashik
748,169,2024-12-17,Delivered,Pune
749,30,2024-02-05,Delivered,Bengaluru
750,426,2025-03-01,Delivered,Bengaluru
751,173,2025-04-24,Shipped,Delhi
752,95,2025-04-13,Shipped,Kolkata
753,400,2025-04-01,Delivered,Nashik
754,13,2025-03-18,Delivered,Pune
755,53,2024-07-18,Delivered,Delhi
756,489,2025-09-29,Delivered,Ahmedabad
757,166,2024-03-06,Delivered,Jaipur
758,92,2024-06-10,Shipped,Chennai
759,450,2025-08-27,Delivered,Bengaluru
760,481,2025-03-07,Delivered,Pune
761,364,2024-11-21,Processing,Nashik
762,18,2025-06-12,Delivered,Bengaluru
763,133,2024-09-25,Delivered,Pune
764,392,2024-04-14,Delivered,Chennai
765,81,2024-09-29,Cancelled,Ahmedabad
766,191,2025-01-03,Delivered,Kolkata
767,473,2024-03-18,Delivered,Delhi
768,19,2025-08-18,Delivered,Hyderabad
769,419,2025-07-17,Processing,Kolkata
770,287,2024-03-21,Delivered,Kolkata
771,451,2025-12-01,Delivered,Hyderabad
772,97,2024-02-07,Cancelled,Pune
773,466,2025-10-07,Delivered,Jaipur
774,496,2025-02-07,Delivered,Nashik
775,374,2025-08-21,Delivered,Mumbai
776,99,2024-01-25,Shipped,Nagpur
777,387,2025-11-24,Processing,Nagpur
778,359,2024-07-21,Delivered,Kolkata
779,300,2025-11-17,Cancelled,Surat
780,29,2025-01-23,Delivered,Delhi
781,441,2024-12-03,Delivered,Ahmedabad
782,437,2024-03-28,Delivered,Delhi
783,352,2024-06-18,Processing,Nashik
784,181,2024-04-16,Delivered,Pune
785,458,2025-02-04,Delivered,Mumbai
786,176,2024-04-29,Delivered,Chennai
787,405,2024-09-25,Delivered,Ahmedabad
788,146,2025-10-27,Delivered,Mumbai
789,482,2025-10-28,Cancelled,Mumbai
790,474,2025-08-28,Delivered,Bengaluru
791,270,2025-03-28,Delivered,Bengaluru
792,258,2025-05-19,Delivered,Bengaluru
793,18,2025-11-30,Delivered,Bengaluru
794,88,2025-07-24,Delivered,Nashik
795,165,2024-01-10,Delivered,Ahmedabad
796,159,2025-01-05,Delivered,Nagpur
797,260,2024-09-04,Delivered,Chennai
798,69,2025-01-20,Delivered,Ahmedabad
799,24,2025-12-09,Delivered,Surat
800,308,2024-08-21,Delivered,Chennai
801,276,2025-01-31,Delivered,Surat
802,55,2025-04-14,Returned,Hyderabad
803,163,2024-07-27,Shipped,Hyderabad
804,497,2024-01-19,Delivered,Delhi
805,128,2024-12-04,Delivered,Chennai
806,408,2025-03-26,Delivered,Surat
807,58,2025-06-29,Delivered,Jaipur
808,339,2025-03-16,Delivered,Nagpur
809,239,2024-01-31,Delivered,Kolkata
810,230,2025-04-23,Returned,Mumbai
811,189,2024-01-12,Delivered,Ahmedabad
812,321,2025-07-02,Processing,Ahmedabad
813,186,2025-02-01,Delivered,Bengaluru
814,131,2025-05-23,Processing,Kolkata
815,465,2024-03-30,Cancelled,Ahmedabad
816,191,2024-01-19,Processing,Kolkata
817,178,2024-02-26,Delivered,Jaipur
818,177,2024-01-03,Delivered,Ahmedabad
819,434,2024-09-01,Delivered,Mumbai
820,101,2024-11-25,Delivered,Delhi
821,428,2025-07-14,Cancelled,Chennai
822,391,2025-04-21,Delivered,Hyderabad
823,410,2024-08-03,Cancelled,Mumbai
824,249,2024-03-05,Delivered,Ahmedabad
825,469,2025-11-19,Returned,Pune
826,219,2024-10-27,Delivered,Nagpur
827,262,2024-11-29,Shipped,Jaipur
828,246,2024-01-24,Delivered,Bengaluru
829,232,2025-03-24,Delivered,Nashik
830,394,2025-05-01,Delivered,Jaipur
831,152,2025-10-09,Processing,Chennai
832,265,2024-12-25,Shipped,Pune
833,44,2024-07-16,Delivered,Chennai
834,150,2024-05-24,Processing,Bengaluru
835,280,2025-08-23,Cancelled,Nashik
836,176,2025-10-02,Returned,Chennai
837,176,2024-06-15,Cancelled,Chennai
838,451,2025-02-20,Delivered,Hyderabad
839,358,2025-02-13,Delivered,Jaipur
840,30,2024-07-29,Delivered,Bengaluru
841,497,2024-03-01,Delivered,Delhi
842,417,2025-10-10,Delivered,Ahmedabad
843,350,2025-01-15,Delivered,Mumbai
844,121,2024-12-05,Delivered,Pune
845,125,2025-08-23,Delivered,Delhi
846,357,2025-06-07,Shipped,Ahmedabad
847,496,2025-02-23,Processing,Nashik
848,133,2024-07-31,Cancelled,Pune
849,170,2025-06-16,Shipped,Mumbai
850,3,2025-04-30,Processing,Nagpur
851,34,2025-12-25,Delivered,Jaipur
852,118,2025-08-17,Shipped,Jaipur
853,34,2024-11-26,Cancelled,Jaipur
854,105,2024-10-14,Delivered,Ahmedabad
855,269,2024-03-18,Delivered,Delhi
856,158,2025-09-05,Delivered,Mumbai
857,457,2024-10-14,Delivered,Pune
858,92,2024-12-24,Processing,Chennai
859,196,2025-10-15,Delivered,Nashik
860,370,2025-02-23,Delivered,Jaipur
861,151,2025-03-24,Delivered,Hyderabad
862,143,2024-10-18,Delivered,Kolkata
863,155,2025-02-28,Delivered,Kolkata
864,61,2024-12-10,Processing,Pune
865,348,2025-06-28,Delivered,Surat
866,328,2025-08-07,Processing,Nashik
867,137,2024-04-22,Delivered,Delhi
868,333,2024-07-27,Shipped,Ahmedabad
869,181,2024-06-23,Delivered,Pune
870,86,2024-07-05,Delivered,Mumbai
871,83,2025-11-23,Delivered,Kolkata
872,31,2025-10-01,Returned,Hyderabad
873,249,2025-09-30,Delivered,Ahmedabad
874,401,2025-08-21,Delivered,Delhi
875,472,2024-10-14,Processing,Nashik
876,426,2025-05-17,Delivered,Bengaluru
877,13,2024-10-10,Processing,Pune
878,280,2025-06-01,Delivered,Nashik
879,254,2025-10-13,Delivered,Mumbai
880,177,2024-05-04,Delivered,Ahmedabad
881,401,2025-12-10,Delivered,Delhi
882,151,2024-07-01,Delivered,Hyderabad
883,15,2025-09-20,Delivered,Nagpur
884,167,2025-01-02,Returned,Kolkata
885,203,2024-01-09,Delivered,Kolkata
886,259,2025-01-08,Processing,Hyderabad
887,126,2024-09-16,Delivered,Bengaluru
888,215,2024-05-02,Shipped,Kolkata
889,422,2025-07-26,Delivered,Mumbai
890,80,2024-10-14,Cancelled,Chennai
891,450,2024-01-02,Delivered,Bengaluru
892,99,2025-02-09,Delivered,Nagpur
893,277,2024-07-17,Delivered,Pune
894,400,2024-05-12,Delivered,Nashik
895,129,2025-05-30,Delivered,Ahmedabad
896,495,2024-03-08,Processing,Nagpur
897,267,2024-05-07,Shipped,Nagpur
898,431,2024-09-20,Shipped,Kolkata
899,89,2024-05-30,Delivered,Delhi
900,386,2024-12-28,Delivered,Mumbai
901,473,2024-06-13,Shipped,Delhi
902,267,2025-09-03,Delivered,Nagpur
903,284,2025-10-05,Shipped,Chennai
904,454,2025-09-26,Shipped,Jaipur
905,263,2025-05-07,Delivered,Kolkata
906,219,2025-04-21,Cancelled,Nagpur
907,307,2024-03-14,Delivered,Hyderabad
908,14,2024-02-22,Cancelled,Mumbai
909,253,2024-11-21,Delivered,Pune
910,28,2025-09-06,Returned,Nashik
911,143,2024-04-28,Shipped,Kolkata
912,110,2025-10-09,Delivered,Mumbai
913,110,2025-07-04,Delivered,Mumbai
914,329,2025-04-18,Delivered,Delhi
915,51,2024-07-08,Delivered,Nagpur
916,238,2024-03-26,Delivered,Jaipur
917,47,2025-04-10,Delivered,Kolkata
918,158,2024-06-07,Shipped,Mumbai
919,120,2025-05-16,Delivered,Surat
920,290,2025-11-13,Delivered,Mumbai
921,270,2025-09-02,Delivered,Bengaluru
922,230,2025-06-24,Returned,Mumbai
923,405,2025-09-10,Delivered,Ahmedabad
924,264,2025-04-02,Delivered,Surat
925,267,2025-05-11,Shipped,Nagpur
926,169,2025-12-29,Delivered,Pune
927,305,2024-02-14,Delivered,Delhi
928,304,2024-03-27,Delivered,Nashik
929,320,2024-08-28,Shipped,Chennai
930,399,2024-05-14,Delivered,Nagpur
931,11,2024-02-02,Processing,Kolkata
932,104,2025-05-21,Delivered,Chennai
933,223,2024-01-21,Delivered,Hyderabad
934,261,2024-07-25,Delivered,Ahmedabad
935,128,2024-11-13,Cancelled,Chennai
936,377,2024-07-29,Delivered,Delhi
937,305,2024-02-09,Returned,Delhi
938,488,2025-12-16,Shipped,Chennai
939,29,2024-12-05,Delivered,Delhi
940,416,2025-08-16,Shipped,Chennai
941,65,2024-06-11,Delivered,Delhi
942,274,2024-12-03,Processing,Jaipur
943,380,2025-05-14,Delivered,Chennai
944,477,2025-04-19,Delivered,Ahmedabad
945,262,2024-09-28,Delivered,Jaipur
946,96,2025-07-28,Delivered,Surat
947,272,2024-11-15,Delivered,Chennai
948,380,2024-06-01,Delivered,Chennai
949,443,2024-06-18,Delivered,Kolkata
950,38,2025-07-14,Delivered,Mumbai
951,312,2024-10-04,Delivered,Surat
952,156,2025-08-17,Delivered,Surat
953,269,2025-07-07,Cancelled,Delhi
954,232,2025-04-27,Delivered,Nashik
955,100,2025-06-29,Delivered,Nashik
956,490,2024-10-29,Delivered,Jaipur
957,108,2024-08-19,Delivered,Surat
958,208,2024-10-29,Delivered,Nashik
959,422,2024-10-26,Delivered,Mumbai
960,150,2025-11-10,Delivered,Bengaluru
961,376,2025-03-29,Delivered,Nashik
962,9,2024-01-15,Delivered,Ahmedabad
963,462,2024-03-27,Delivered,Bengaluru
964,60,2024-07-19,Delivered,Surat
965,166,2025-01-21,Delivered,Jaipur
966,63,2024-04-28,Delivered,Nagpur
967,158,2025-02-05,Delivered,Mumbai
968,235,2025-02-04,Delivered,Hyderabad
969,205,2024-01-18,Cancelled,Pune
970,199,2024-03-20,Delivered,Hyderabad
971,97,2024-04-16,Returned,Pune
972,285,2025-03-26,Delivered,Ahmedabad
973,273,2025-12-21,Delivered,Ahmedabad
974,196,2025-12-12,Delivered,Nashik
975,435,2025-03-30,Delivered,Nagpur
976,63,2024-10-07,Cancelled,Nagpur
977,154,2024-04-18,Returned,Jaipur
978,242,2024-10-03,Delivered,Mumbai
979,150,2025-12-07,Delivered,Bengaluru
980,204,2025-11-04,Delivered,Surat
981,307,2025-05-29,Delivered,Hyderabad
982,259,2025-01-24,Delivered,Hyderabad
983,60,2024-11-29,Delivered,Surat
984,412,2024-06-27,Processing,Nashik
985,439,2024-01-26,Shipped,Hyderabad
986,390,2025-12-30,Delivered,Bengaluru
987,437,2024-04-27,Delivered,Delhi
988,302,2024-02-13,Delivered,Mumbai
989,128,2025-05-14,Delivered,Chennai
990,238,2024-09-23,Shipped,Jaipur
991,258,2025-03-09,Delivered,Bengaluru
992,457,2025-02-15,Cancelled,Pune
993,463,2025-05-01,Delivered,Hyderabad
994,369,2024-08-22,Delivered,Ahmedabad
995,458,2024-06-27,Delivered,Mumbai
996,78,2025-12-21,Delivered,Bengaluru
997,66,2025-08-17,Delivered,Bengaluru
998,332,2024-07-26,Delivered,Chennai
999,63,2024-08-24,Shipped,Nagpur
1000,11,2025-11-30,Processing,Kolkata
1001,466,2024-04-22,Shipped,Jaipur
1002,94,2024-04-18,Cancelled,Jaipur
1003,398,2025-01-13,Delivered,Mumbai
1004,345,2024-04-24,Delivered,Ahmedabad
1005,163,2024-06-30,Cancelled,Hyderabad
1006,74,2025-08-05,Returned,Mumbai
1007,456,2024-03-14,Delivered,Surat
1008,57,2024-07-06,Delivered,Ahmedabad
1009,170,2024-08-21,Delivered,Mumbai
1010,80,2025-02-22,Delivered,Chennai
1011,128,2024-12-08,Delivered,Chennai
1012,127,2024-04-03,Cancelled,Hyderabad
1013,468,2025-01-04,Processing,Surat
1014,98,2025-04-22,Shipped,Mumbai
1015,109,2025-06-06,Processing,Pune
1016,88,2025-03-23,Delivered,Nashik
1017,372,2024-03-13,Delivered,Surat
1018,97,2024-02-18,Delivered,Pune
1019,249,2024-02-14,Delivered,Ahmedabad
1020,466,2024-04-27,Delivered,Jaipur
1021,303,2025-07-31,Processing,Nagpur
1022,71,2024-08-13,Delivered,Kolkata
1023,434,2025-02-14,Delivered,Mumbai
1024,413,2025-04-23,Delivered,Delhi
1025,428,2025-12-15,Delivered,Chennai
1026,310,2025-08-28,Delivered,Jaipur
1027,234,2024-06-27,Shipped,Bengaluru
1028,35,2024-03-02,Shipped,Kolkata
1029,329,2025-03-06,Delivered,Delhi
1030,166,2024-02-28,Shipped,Jaipur
1031,130,2024-08-01,Cancelled,Jaipur
1032,245,2025-07-10,Shipped,Delhi
1033,265,2024-07-22,Shipped,Pune
1034,385,2025-11-23,Delivered,Pune
1035,292,2024-08-26,Delivered,Nashik
1036,200,2024-10-14,Shipped,Chennai
1037,297,2024-12-12,Delivered,Ahmedabad
1038,88,2024-08-17,Delivered,Nashik
1039,195,2024-07-13,Processing,Nagpur
1040,3,2025-03-15,Delivered,Nagpur
1041,235,2025-07-30,Delivered,Hyderabad
1042,187,2024-07-04,Delivered,Hyderabad
1043,75,2025-12-20,Shipped,Nagpur
1044,359,2025-03-26,Delivered,Kolkata
1045,151,2024-05-14,Delivered,Hyderabad
1046,449,2024-10-04,Cancelled,Delhi
1047,337,2025-07-12,Delivered,Pune
1048,195,2025-07-01,Returned,Nagpur
1049,88,2024-12-02,Delivered,Nashik
1050,341,2025-11-01,Delivered,Delhi
1051,104,2025-10-09,Delivered,Chennai
1052,413,2025-04-18,Shipped,Delhi
1053,304,2025-03-24,Delivered,Nashik
1054,231,2025-03-26,Delivered,Nagpur
1055,422,2024-06-06,Delivered,Mumbai
1056,116,2025-03-12,Delivered,Chennai
1057,70,2024-06-27,Cancelled,Jaipur
1058,160,2024-09-29,Delivered,Nashik
1059,457,2024-10-26,Delivered,Pune
1060,72,2025-06-18,Delivered,Surat
1061,159,2024-01-12,Returned,Nagpur
1062,35,2025-08-18,Shipped,Kolkata
1063,49,2025-09-26,Cancelled,Pune
1064,329,2024-09-03,Delivered,Delhi
1065,44,2025-03-20,Delivered,Chennai
1066,120,2024-06-11,Delivered,Surat
1067,125,2025-04-26,Shipped,Delhi
1068,410,2025-07-09,Delivered,Mumbai
1069,465,2024-05-29,Delivered,Ahmedabad
1070,373,2025-02-03,Cancelled,Pune
1071,196,2025-09-30,Cancelled,Nashik
1072,89,2025-09-12,Returned,Delhi
1073,65,2024-12-05,Delivered,Delhi
1074,133,2024-03-02,Delivered,Pune
1075,310,2024-07-07,Delivered,Jaipur
1076,470,2025-11-26,Delivered,Mumbai
1077,28,2025-12-01,Shipped,Nashik
1078,146,2025-04-12,Delivered,Mumbai
1079,290,2024-08-29,Delivered,Mumbai
1080,220,2024-05-16,Cancelled,Nashik
1081,141,2024-08-08,Delivered,Ahmedabad
1082,188,2025-06-03,Delivered,Chennai
1083,3,2024-11-25,Delivered,Nagpur
1084,76,2024-04-26,Delivered,Nashik
1085,406,2024-07-16,Delivered,Jaipur
1086,326,2024-04-28,Delivered,Mumbai
1087,402,2024-08-29,Delivered,Bengaluru
1088,32,2024-05-19,Delivered,Chennai
1089,138,2025-01-30,Delivered,Bengaluru
1090,313,2025-05-17,Cancelled,Pune
1091,63,2024-11-07,Cancelled,Nagpur
1092,270,2024-03-12,Delivered,Bengaluru
1093,138,2025-06-10,Shipped,Bengaluru
1094,286,2025-09-07,Delivered,Jaipur
1095,36,2025-07-21,Delivered,Surat
1096,9,2024-08-09,Delivered,Ahmedabad
1097,234,2025-12-28,Delivered,Bengaluru
1098,136,2025-08-26,Delivered,Nashik
1099,17,2025-06-20,Shipped,Delhi
1100,74,2025-09-18,Delivered,Mumbai
1101,169,2024-01-01,Delivered,Pune
1102,151,2024-09-15,Delivered,Hyderabad
1103,198,2024-05-15,Delivered,Bengaluru
1104,24,2024-02-21,Delivered,Surat
1105,392,2025-10-30,Delivered,Chennai
1106,389,2025-12-18,Returned,Delhi
1107,472,2024-04-14,Shipped,Nashik
1108,39,2025-03-14,Shipped,Nagpur
1109,116,2024-03-11,Delivered,Chennai
1110,271,2024-02-25,Delivered,Hyderabad
1111,149,2025-12-21,Delivered,Delhi
1112,87,2025-06-02,Returned,Nagpur
1113,239,2025-05-09,Delivered,Kolkata
1114,64,2025-09-24,Delivered,Nashik
1115,349,2024-01-04,Delivered,Pune
1116,313,2025-11-15,Delivered,Pune
1117,408,2024-12-24,Delivered,Surat
1118,14,2024-02-12,Delivered,Mumbai
1119,470,2025-06-14,Processing,Mumbai
1120,73,2024-04-14,Delivered,Pune
1121,146,2024-05-22,Delivered,Mumbai
1122,123,2025-02-08,Shipped,Nagpur
1123,109,2025-04-17,Delivered,Pune
1124,129,2025-02-09,Delivered,Ahmedabad
1125,283,2024-04-22,Cancelled,Hyderabad
1126,269,2025-07-09,Cancelled,Delhi
1127,407,2025-10-31,Delivered,Kolkata
1128,263,2025-11-08,Delivered,Kolkata
1129,43,2024-01-03,Delivered,Hyderabad
1130,106,2024-03-20,Delivered,Jaipur
1131,314,2024-09-13,Shipped,Mumbai
1132,486,2025-07-31,Delivered,Bengaluru
1133,337,2024-04-16,Shipped,Pune
1134,128,2024-09-16,Delivered,Chennai
1135,409,2024-07-23,Delivered,Pune
1136,418,2024-07-19,Processing,Jaipur
1137,17,2025-07-08,Shipped,Delhi
1138,95,2024-04-11,Processing,Kolkata
1139,491,2025-05-09,Delivered,Kolkata
1140,148,2025-04-18,Delivered,Nashik
1141,85,2024-11-16,Delivered,Pune
1142,66,2025-01-13,Delivered,Bengaluru
1143,258,2024-04-29,Delivered,Bengaluru
1144,225,2025-11-27,Delivered,Ahmedabad
1145,122,2024-09-16,Delivered,Mumbai
1146,329,2025-10-17,Delivered,Delhi
1147,357,2025-11-01,Delivered,Ahmedabad
1148,67,2024-03-24,Delivered,Hyderabad
1149,149,2024-09-09,Processing,Delhi
1150,307,2025-10-03,Delivered,Hyderabad
1151,61,2025-12-10,Delivered,Pune
1152,207,2024-07-16,Delivered,Nagpur
1153,338,2024-01-28,Processing,Mumbai
1154,44,2024-03-15,Delivered,Chennai
1155,137,2025-02-16,Delivered,Delhi
1156,3,2024-02-27,Shipped,Nagpur
1157,149,2024-02-22,Delivered,Delhi
1158,421,2024-09-04,Delivered,Pune
1159,250,2024-05-17,Shipped,Jaipur
1160,173,2025-11-25,Delivered,Delhi
1161,470,2025-12-01,Delivered,Mumbai
1162,87,2025-04-13,Shipped,Nagpur
1163,285,2025-05-29,Processing,Ahmedabad
1164,90,2024-12-18,Delivered,Bengaluru
1165,72,2024-08-24,Delivered,Surat
1166,318,2025-04-30,Delivered,Bengaluru
1167,18,2024-07-20,Delivered,Bengaluru
1168,81,2024-05-19,Delivered,Ahmedabad
1169,16,2025-04-03,Delivered,Nashik
1170,20,2024-03-06,Delivered,Chennai
1171,232,2024-09-14,Shipped,Nashik
1172,365,2025-02-26,Delivered,Delhi
1173,119,2024-12-21,Returned,Kolkata
1174,186,2025-07-06,Delivered,Bengaluru
1175,431,2024-12-15,Delivered,Kolkata
1176,68,2025-11-19,Delivered,Chennai
1177,224,2024-07-05,Returned,Chennai
1178,43,2025-06-08,Delivered,Hyderabad
1179,462,2024-02-15,Delivered,Bengaluru
1180,236,2025-03-13,Delivered,Chennai
1181,59,2025-11-12,Cancelled,Kolkata
1182,266,2025-02-02,Delivered,Mumbai
1183,219,2024-08-01,Delivered,Nagpur
1184,97,2025-06-22,Delivered,Pune
1185,49,2024-03-03,Delivered,Pune
1186,164,2024-01-10,Delivered,Chennai
1187,399,2025-05-31,Processing,Nagpur
1188,276,2025-03-17,Processing,Surat
1189,466,2024-10-23,Processing,Jaipur
1190,444,2025-01-04,Delivered,Surat
1191,34,2025-11-20,Delivered,Jaipur
1192,347,2024-01-20,Delivered,Kolkata
1193,226,2024-09-24,Delivered,Jaipur
1194,167,2025-01-18,Cancelled,Kolkata
1195,404,2024-08-01,Delivered,Chennai
1196,94,2024-09-05,Processing,Jaipur
1197,188,2024-04-25,Delivered,Chennai
1198,350,2025-01-02,Delivered,Mumbai
1199,415,2025-08-03,Delivered,Hyderabad
1200,442,2025-07-18,Delivered,Jaipur
1201,446,2024-01-24,Delivered,Mumbai
1202,448,2024-01-29,Delivered,Nashik
1203,101,2024-12-27,Delivered,Delhi
1204,283,2025-02-13,Delivered,Hyderabad
1205,283,2025-05-09,Delivered,Hyderabad
1206,431,2024-08-20,Delivered,Kolkata
1207,138,2025-03-03,Delivered,Bengaluru
1208,63,2024-08-17,Delivered,Nagpur
1209,294,2025-05-21,Delivered,Bengaluru
1210,200,2024-04-08,Delivered,Chennai
1211,2,2025-10-13,Delivered,Mumbai
1212,434,2025-09-16,Delivered,Mumbai
1213,182,2025-01-05,Delivered,Mumbai
1214,306,2024-01-08,Cancelled,Bengaluru
1215,264,2024-11-28,Returned,Surat
1216,17,2024-07-28,Processing,Delhi
1217,242,2025-11-04,Delivered,Mumbai
1218,259,2024-05-27,Shipped,Hyderabad
1219,483,2025-02-04,Cancelled,Nagpur
1220,262,2024-11-16,Delivered,Jaipur
1221,440,2024-04-10,Shipped,Chennai
1222,121,2025-12-12,Delivered,Pune
1223,124,2025-06-24,Cancelled,Nashik
1224,426,2024-02-24,Delivered,Bengaluru
1225,39,2025-05-20,Delivered,Nagpur
1226,426,2024-02-20,Processing,Bengaluru
1227,221,2025-01-17,Cancelled,Delhi
1228,25,2025-10-02,Processing,Pune
1229,207,2025-01-11,Delivered,Nagpur
1230,438,2025-01-04,Delivered,Bengaluru
1231,395,2025-04-25,Delivered,Kolkata
1232,271,2025-01-08,Delivered,Hyderabad
1233,237,2024-08-06,Delivered,Ahmedabad
1234,218,2025-03-28,Shipped,Mumbai
1235,358,2024-02-11,Processing,Jaipur
1236,142,2025-09-20,Delivered,Jaipur
1237,137,2025-04-26,Delivered,Delhi
1238,173,2024-04-22,Delivered,Delhi
1239,339,2024-03-04,Processing,Nagpur
1240,346,2025-11-05,Processing,Jaipur
1241,364,2025-02-14,Delivered,Nashik
1242,451,2025-12-19,Delivered,Hyderabad
1243,374,2024-02-25,Delivered,Mumbai
1244,496,2024-08-28,Delivered,Nashik
1245,221,2024-01-06,Delivered,Delhi
1246,158,2024-07-11,Delivered,Mumbai
1247,24,2024-01-30,Delivered,Surat
1248,51,2025-10-03,Delivered,Nagpur
1249,11,2025-05-10,Shipped,Kolkata
1250,132,2024-08-27,Processing,Surat
1251,19,2025-05-20,Delivered,Hyderabad
1252,320,2024-01-01,Delivered,Chennai
1253,80,2025-12-24,Shipped,Chennai
1254,148,2025-11-15,Cancelled,Nashik
1255,16,2024-01-15,Shipped,Nashik
1256,129,2024-11-25,Shipped,Ahmedabad
1257,175,2024-01-05,Delivered,Hyderabad
1258,366,2025-07-02,Shipped,Bengaluru
1259,36,2025-03-28,Delivered,Surat
1260,242,2024-08-14,Returned,Mumbai
1261,408,2024-11-16,Delivered,Surat
1262,397,2025-02-07,Delivered,Pune
1263,188,2025-02-07,Delivered,Chennai
1264,404,2025-08-26,Cancelled,Chennai
1265,87,2025-11-11,Delivered,Nagpur
1266,142,2024-11-18,Shipped,Jaipur
1267,41,2025-09-03,Delivered,Delhi
1268,274,2025-05-25,Shipped,Jaipur
1269,110,2025-05-08,Shipped,Mumbai
1270,396,2024-06-01,Delivered,Surat
1271,148,2025-03-05,Delivered,Nashik
1272,479,2025-09-16,Delivered,Kolkata
1273,185,2024-04-04,Processing,Delhi
1274,116,2025-06-07,Shipped,Chennai
1275,171,2024-10-13,Processing,Nagpur
1276,451,2024-10-29,Delivered,Hyderabad
1277,193,2024-01-01,Delivered,Pune
1278,485,2025-06-08,Delivered,Delhi
1279,372,2024-12-28,Processing,Surat
1280,306,2025-05-12,Delivered,Bengaluru
1281,260,2025-12-01,Shipped,Chennai
1282,63,2025-12-22,Returned,Nagpur
1283,223,2025-11-01,Shipped,Hyderabad
1284,459,2025-03-20,Delivered,Nagpur
1285,36,2025-01-31,Shipped,Surat
1286,264,2025-01-15,Processing,Surat
1287,421,2024-03-21,Delivered,Pune
1288,400,2025-01-04,Delivered,Nashik
1289,340,2024-03-20,Delivered,Nashik
1290,190,2025-09-03,Delivered,Jaipur
1291,243,2024-02-05,Delivered,Nagpur
1292,14,2024-12-11,Delivered,Mumbai
1293,314,2025-05-29,Shipped,Mumbai
1294,304,2024-06-15,Delivered,Nashik
1295,407,2024-04-22,Delivered,Kolkata
1296,171,2025-10-10,Delivered,Nagpur
1297,271,2025-10-08,Delivered,Hyderabad
1298,69,2024-08-28,Delivered,Ahmedabad
1299,211,2024-12-16,Returned,Hyderabad
1300,81,2024-03-24,Processing,Ahmedabad
1301,230,2025-09-22,Delivered,Mumbai
1302,141,2024-09-08,Delivered,Ahmedabad
1303,141,2024-08-01,Shipped,Ahmedabad
1304,470,2024-12-29,Cancelled,Mumbai
1305,256,2025-03-30,Delivered,Nashik
1306,261,2025-06-03,Delivered,Ahmedabad
1307,38,2025-10-22,Delivered,Mumbai
1308,147,2025-12-11,Processing,Nagpur
1309,393,2025-09-20,Delivered,Ahmedabad
1310,283,2025-09-03,Delivered,Hyderabad
1311,90,2025-07-10,Delivered,Bengaluru
1312,117,2024-08-12,Delivered,Ahmedabad
1313,141,2024-08-23,Delivered,Ahmedabad
1314,71,2025-08-21,Delivered,Kolkata
1315,365,2025-06-28,Delivered,Delhi
1316,23,2025-07-12,Shipped,Kolkata
1317,314,2024-10-20,Shipped,Mumbai
1318,200,2025-10-30,Processing,Chennai
1319,497,2024-10-12,Delivered,Delhi
1320,373,2025-07-22,Delivered,Pune
1321,223,2025-08-09,Delivered,Hyderabad
1322,115,2025-08-11,Delivered,Hyderabad
1323,131,2024-02-02,Returned,Kolkata
1324,284,2025-09-26,Cancelled,Chennai
1325,156,2025-11-25,Delivered,Surat
1326,341,2024-07-28,Delivered,Delhi
1327,3,2024-12-31,Delivered,Nagpur
1328,221,2025-11-13,Delivered,Delhi
1329,251,2024-04-14,Delivered,Kolkata
1330,307,2024-05-25,Delivered,Hyderabad
1331,179,2025-04-23,Delivered,Kolkata
1332,259,2025-03-24,Cancelled,Hyderabad
1333,459,2025-03-15,Shipped,Nagpur
1334,221,2024-09-23,Delivered,Delhi
1335,421,2024-08-22,Returned,Pune
1336,254,2025-03-29,Delivered,Mumbai
1337,365,2024-11-25,Processing,Delhi
1338,202,2025-05-02,Delivered,Jaipur
1339,388,2025-10-08,Delivered,Nashik
1340,458,2025-04-14,Delivered,Mumbai
1341,102,2024-03-18,Returned,Bengaluru
1342,259,2025-03-13,Delivered,Hyderabad
1343,237,2025-03-05,Delivered,Ahmedabad
1344,284,2025-08-23,Delivered,Chennai
1345,132,2025-08-10,Delivered,Surat
1346,323,2024-07-20,Delivered,Kolkata
1347,57,2025-08-18,Delivered,Ahmedabad
1348,220,2024-02-07,Shipped,Nashik
1349,140,2024-09-12,Delivered,Chennai
1350,137,2024-06-29,Processing,Delhi
1351,382,2024-08-05,Delivered,Jaipur
1352,456,2024-08-13,Delivered,Surat
1353,382,2024-08-19,Delivered,Jaipur
1354,252,2024-04-25,Delivered,Surat
1355,338,2025-10-04,Delivered,Mumbai
1356,111,2024-06-04,Cancelled,Nagpur
1357,239,2025-10-11,Delivered,Kolkata
1358,196,2024-06-24,Delivered,Nashik
1359,170,2024-06-03,Delivered,Mumbai
1360,485,2024-10-04,Delivered,Delhi
1361,442,2024-09-19,Delivered,Jaipur
1362,370,2024-08-04,Delivered,Jaipur
1363,463,2025-07-31,Processing,Hyderabad
1364,187,2024-08-23,Delivered,Hyderabad
1365,149,2024-07-22,Delivered,Delhi
1366,31,2025-06-22,Delivered,Hyderabad
1367,496,2024-11-06,Delivered,Nashik
1368,46,2024-05-14,Delivered,Jaipur
1369,298,2024-09-11,Returned,Jaipur
1370,303,2025-03-25,Delivered,Nagpur
1371,343,2024-01-29,Delivered,Hyderabad
1372,312,2024-03-08,Delivered,Surat
1373,119,2025-07-02,Delivered,Kolkata
1374,142,2024-08-06,Delivered,Jaipur
1375,242,2024-01-19,Delivered,Mumbai
1376,373,2025-10-06,Delivered,Pune
1377,211,2025-02-23,Shipped,Hyderabad
1378,270,2024-02-14,Delivered,Bengaluru
1379,331,2024-08-29,Delivered,Hyderabad
1380,408,2024-11-16,Shipped,Surat
1381,359,2025-09-25,Shipped,Kolkata
1382,479,2025-12-25,Shipped,Kolkata
1383,445,2025-09-14,Processing,Pune
1384,191,2025-06-17,Processing,Kolkata
1385,406,2025-11-13,Delivered,Jaipur
1386,83,2025-04-10,Delivered,Kolkata
1387,339,2025-09-13,Delivered,Nagpur
1388,362,2025-08-21,Shipped,Mumbai
1389,428,2025-12-03,Delivered,Chennai
1390,282,2025-06-02,Shipped,Bengaluru
1391,273,2025-11-14,Cancelled,Ahmedabad
1392,225,2025-02-22,Delivered,Ahmedabad
1393,452,2024-05-02,Returned,Chennai
1394,111,2024-07-05,Shipped,Nagpur
1395,480,2025-08-03,Delivered,Surat
1396,323,2024-06-03,Delivered,Kolkata
1397,14,2025-09-17,Delivered,Mumbai
1398,8,2024-03-06,Shipped,Chennai
1399,102,2024-07-01,Processing,Bengaluru
1400,382,2024-08-13,Delivered,Jaipur
1401,429,2024-03-02,Delivered,Ahmedabad
1402,379,2024-11-25,Shipped,Hyderabad
1403,316,2024-12-05,Delivered,Nashik
1404,241,2024-07-10,Delivered,Pune
1405,7,2025-11-08,Delivered,Hyderabad
1406,76,2025-12-22,Delivered,Nashik
1407,202,2024-03-05,Delivered,Jaipur
1408,402,2024-02-12,Shipped,Bengaluru
1409,417,2025-01-09,Delivered,Ahmedabad
1410,112,2025-04-28,Delivered,Nashik
1411,328,2025-11-17,Returned,Nashik
1412,201,2025-05-11,Processing,Ahmedabad
1413,235,2025-08-01,Delivered,Hyderabad
1414,250,2025-05-29,Delivered,Jaipur
1415,405,2025-07-07,Returned,Ahmedabad
1416,331,2024-03-03,Processing,Hyderabad
1417,140,2025-11-12,Delivered,Chennai
1418,179,2025-01-18,Cancelled,Kolkata
1419,98,2025-12-01,Delivered,Mumbai
1420,464,2024-09-11,Shipped,Chennai
1421,7,2024-06-10,Delivered,Hyderabad
1422,5,2024-01-18,Delivered,Delhi
1423,51,2025-02-14,Delivered,Nagpur
1424,273,2025-04-18,Shipped,Ahmedabad
1425,323,2024-10-30,Delivered,Kolkata
1426,66,2024-01-12,Delivered,Bengaluru
1427,39,2024-08-16,Delivered,Nagpur
1428,137,2024-01-15,Delivered,Delhi
1429,227,2025-05-01,Delivered,Kolkata
1430,309,2025-11-14,Shipped,Ahmedabad
1431,469,2025-02-18,Delivered,Pune
1432,440,2025-02-15,Delivered,Chennai
1433,360,2024-11-10,Delivered,Surat
1434,496,2024-11-08,Delivered,Nashik
1435,73,2025-05-15,Processing,Pune
1436,317,2025-07-15,Delivered,Delhi
1437,54,2025-01-27,Delivered,Bengaluru
1438,275,2025-06-11,Delivered,Kolkata
1439,144,2024-07-16,Delivered,Surat
1440,402,2025-11-13,Delivered,Bengaluru
1441,307,2024-12-13,Delivered,Hyderabad
1442,393,2024-10-29,Delivered,Ahmedabad
1443,143,2024-07-30,Delivered,Kolkata
1444,357,2025-05-15,Delivered,Ahmedabad
1445,381,2025-08-03,Delivered,Ahmedabad
1446,179,2025-05-13,Delivered,Kolkata
1447,258,2025-04-21,Delivered,Bengaluru
1448,22,2025-12-01,Delivered,Jaipur
1449,188,2025-06-18,Shipped,Chennai
1450,258,2024-06-21,Delivered,Bengaluru
1451,265,2024-11-05,Delivered,Pune
1452,469,2024-09-24,Delivered,Pune
1453,222,2025-03-16,Delivered,Bengaluru
1454,190,2025-08-10,Delivered,Jaipur
1455,337,2025-05-30,Delivered,Pune
1456,8,2024-12-09,Delivered,Chennai
1457,444,2025-05-08,Delivered,Surat
1458,111,2025-11-23,Delivered,Nagpur
1459,140,2025-02-15,Delivered,Chennai
1460,83,2025-03-28,Delivered,Kolkata
1461,71,2024-09-27,Delivered,Kolkata
1462,82,2024-03-22,Delivered,Jaipur
1463,291,2025-12-30,Delivered,Nagpur
1464,104,2024-01-02,Returned,Chennai
1465,72,2024-01-15,Delivered,Surat
1466,179,2025-06-07,Cancelled,Kolkata
1467,234,2025-06-04,Delivered,Bengaluru
1468,143,2025-12-12,Delivered,Kolkata
1469,290,2025-12-21,Processing,Mumbai
1470,416,2025-11-09,Delivered,Chennai
1471,257,2024-04-13,Delivered,Delhi
1472,242,2025-01-11,Delivered,Mumbai
1473,420,2025-11-05,Delivered,Surat
1474,372,2024-08-15,Delivered,Surat
1475,436,2024-04-07,Delivered,Nashik
1476,215,2024-04-14,Processing,Kolkata
1477,380,2025-05-29,Delivered,Chennai
1478,53,2024-09-30,Delivered,Delhi
1479,49,2025-08-16,Cancelled,Pune
1480,264,2025-02-03,Processing,Surat
1481,79,2025-01-08,Delivered,Hyderabad
1482,407,2025-09-23,Delivered,Kolkata
1483,276,2024-10-16,Delivered,Surat
1484,203,2025-01-13,Delivered,Kolkata
1485,194,2025-04-27,Delivered,Mumbai
1486,245,2024-06-08,Processing,Delhi
1487,88,2024-09-09,Cancelled,Nashik
1488,33,2024-05-31,Delivered,Ahmedabad
1489,125,2025-01-26,Processing,Delhi
1490,50,2024-04-11,Cancelled,Mumbai
1491,327,2025-01-22,Delivered,Nagpur
1492,118,2025-01-07,Delivered,Jaipur
1493,304,2024-12-28,Delivered,Nashik
1494,225,2024-09-07,Delivered,Ahmedabad
1495,203,2024-12-29,Delivered,Kolkata
1496,180,2024-02-23,Delivered,Surat
1497,410,2024-05-19,Delivered,Mumbai
1498,416,2024-05-09,Cancelled,Chennai
1499,161,2024-06-02,Delivered,Delhi
1500,434,2025-10-01,Delivered,Mumbai
1501,58,2024-11-06,Returned,Jaipur
1502,316,2025-11-20,Shipped,Nashik
1503,56,2024-02-20,Delivered,Chennai
1504,101,2025-12-23,Cancelled,Delhi
1505,334,2024-03-18,Delivered,Jaipur
1506,170,2024-08-18,Delivered,Mumbai
1507,65,2025-05-22,Delivered,Delhi
1508,466,2024-09-08,Delivered,Jaipur
1509,212,2024-12-29,Delivered,Chennai
1510,95,2024-11-11,Delivered,Kolkata
1511,315,2025-11-27,Delivered,Nagpur
1512,496,2025-01-15,Delivered,Nashik
1513,290,2024-02-25,Delivered,Mumbai
1514,455,2024-02-09,Delivered,Kolkata
1515,344,2024-12-26,Delivered,Chennai
1516,186,2024-03-04,Delivered,Bengaluru
1517,27,2025-02-28,Delivered,Nagpur
1518,5,2024-09-28,Delivered,Delhi
1519,218,2024-06-09,Delivered,Mumbai
1520,32,2025-12-24,Returned,Chennai
1521,441,2025-12-16,Delivered,Ahmedabad
1522,360,2024-02-28,Delivered,Surat
1523,4,2024-06-22,Delivered,Nashik
1524,335,2024-03-10,Delivered,Kolkata
1525,360,2024-09-04,Delivered,Surat
1526,323,2025-06-06,Delivered,Kolkata
1527,473,2025-09-13,Delivered,Delhi
1528,151,2025-01-28,Delivered,Hyderabad
1529,33,2024-12-27,Delivered,Ahmedabad
1530,205,2024-04-27,Delivered,Pune
1531,144,2024-07-11,Delivered,Surat
1532,95,2025-11-09,Delivered,Kolkata
1533,213,2025-02-16,Delivered,Ahmedabad
1534,325,2024-07-01,Delivered,Pune
1535,482,2024-03-05,Shipped,Mumbai
1536,448,2024-06-10,Delivered,Nashik
1537,209,2024-08-17,Cancelled,Delhi
1538,367,2025-08-04,Cancelled,Hyderabad
1539,218,2025-04-20,Delivered,Mumbai
1540,301,2024-12-16,Cancelled,Pune
1541,195,2025-01-07,Delivered,Nagpur
1542,387,2025-04-12,Delivered,Nagpur
1543,406,2024-03-31,Delivered,Jaipur
1544,329,2024-08-16,Processing,Delhi
1545,267,2024-10-03,Processing,Nagpur
1546,448,2024-11-18,Shipped,Nashik
1547,348,2024-04-08,Cancelled,Surat
1548,376,2024-12-16,Delivered,Nashik
1549,331,2024-06-25,Delivered,Hyderabad
1550,168,2024-09-24,Shipped,Surat
1551,221,2025-11-24,Delivered,Delhi
1552,90,2025-02-03,Delivered,Bengaluru
1553,328,2025-08-27,Processing,Nashik
1554,93,2024-08-01,Returned,Ahmedabad
1555,60,2024-10-15,Processing,Surat
1556,243,2025-12-06,Shipped,Nagpur
1557,377,2024-04-27,Delivered,Delhi
1558,105,2024-03-27,Shipped,Ahmedabad
1559,329,2024-07-24,Shipped,Delhi
1560,409,2025-10-26,Delivered,Pune
1561,385,2024-10-13,Delivered,Pune
1562,302,2024-11-02,Delivered,Mumbai
1563,49,2024-01-22,Delivered,Pune
1564,219,2025-04-18,Delivered,Nagpur
1565,30,2024-04-24,Delivered,Bengaluru
1566,84,2024-09-26,Delivered,Surat
1567,147,2025-06-16,Delivered,Nagpur
1568,234,2025-01-29,Cancelled,Bengaluru
1569,149,2025-01-28,Delivered,Delhi
1570,77,2024-02-23,Delivered,Delhi
1571,239,2024-03-14,Shipped,Kolkata
1572,288,2025-09-02,Delivered,Surat
1573,76,2024-06-09,Delivered,Nashik
1574,108,2025-03-07,Delivered,Surat
1575,168,2025-05-16,Cancelled,Surat
1576,220,2024-08-03,Delivered,Nashik
1577,220,2025-02-12,Delivered,Nashik
1578,157,2025-10-24,Delivered,Pune
1579,482,2025-06-03,Shipped,Mumbai
1580,295,2025-10-30,Delivered,Hyderabad
1581,158,2024-08-22,Processing,Mumbai
1582,446,2025-07-16,Delivered,Mumbai
1583,170,2025-07-14,Delivered,Mumbai
1584,434,2025-03-06,Processing,Mumbai
1585,482,2024-08-20,Delivered,Mumbai
1586,351,2025-11-25,Shipped,Nagpur
1587,298,2025-10-09,Delivered,Jaipur
1588,212,2025-12-28,Delivered,Chennai
1589,21,2025-01-13,Delivered,Ahmedabad
1590,281,2025-08-05,Cancelled,Delhi
1591,319,2025-06-17,Delivered,Hyderabad
1592,26,2024-11-08,Delivered,Mumbai
1593,72,2025-01-06,Delivered,Surat
1594,63,2025-01-02,Processing,Nagpur
1595,380,2025-06-01,Shipped,Chennai
1596,318,2024-10-12,Delivered,Bengaluru
1597,398,2024-01-25,Delivered,Mumbai
1598,256,2024-12-12,Delivered,Nashik
1599,30,2024-01-23,Shipped,Bengaluru
1600,393,2024-11-13,Delivered,Ahmedabad
1601,493,2024-07-01,Delivered,Pune
1602,165,2024-11-15,Delivered,Ahmedabad
1603,359,2025-02-28,Delivered,Kolkata
1604,206,2025-10-24,Delivered,Mumbai
1605,340,2024-11-25,Delivered,Nashik
1606,333,2025-01-17,Delivered,Ahmedabad
1607,264,2025-09-19,Delivered,Surat
1608,82,2025-04-11,Delivered,Jaipur
1609,357,2024-01-15,Delivered,Ahmedabad
1610,200,2025-01-26,Delivered,Chennai
1611,443,2025-12-03,Shipped,Kolkata
1612,151,2025-12-27,Delivered,Hyderabad
1613,358,2025-07-30,Delivered,Jaipur
1614,173,2025-03-22,Returned,Delhi
1615,467,2025-04-22,Cancelled,Kolkata
1616,92,2025-06-13,Delivered,Chennai
1617,441,2025-05-25,Delivered,Ahmedabad
1618,245,2025-11-01,Processing,Delhi
1619,327,2024-03-17,Delivered,Nagpur
1620,84,2024-02-20,Delivered,Surat
1621,118,2024-02-28,Shipped,Jaipur
1622,498,2025-02-07,Processing,Bengaluru
1623,451,2024-07-23,Delivered,Hyderabad
1624,466,2024-03-26,Cancelled,Jaipur
1625,337,2024-05-07,Delivered,Pune
1626,342,2024-05-29,Processing,Bengaluru
1627,424,2024-03-18,Delivered,Nashik
1628,15,2025-06-28,Shipped,Nagpur
1629,116,2024-05-18,Delivered,Chennai
1630,269,2024-11-23,Delivered,Delhi
1631,382,2025-05-25,Delivered,Jaipur
1632,34,2024-11-24,Delivered,Jaipur
1633,280,2025-02-18,Delivered,Nashik
1634,42,2025-05-10,Delivered,Bengaluru
1635,96,2025-12-13,Shipped,Surat
1636,235,2024-05-12,Delivered,Hyderabad
1637,374,2024-09-01,Delivered,Mumbai
1638,413,2024-06-08,Processing,Delhi
1639,357,2025-03-16,Delivered,Ahmedabad
1640,482,2025-02-10,Delivered,Mumbai
1641,373,2025-12-13,Delivered,Pune
1642,235,2025-06-18,Shipped,Hyderabad
1643,354,2024-02-19,Delivered,Bengaluru
1644,244,2024-10-07,Processing,Nashik
1645,231,2025-01-27,Delivered,Nagpur
1646,318,2025-07-25,Processing,Bengaluru
1647,68,2024-12-13,Delivered,Chennai
1648,265,2025-06-08,Delivered,Pune
1649,229,2025-09-15,Delivered,Pune
1650,489,2024-05-22,Processing,Ahmedabad
1651,138,2024-09-05,Delivered,Bengaluru
1652,77,2024-05-16,Delivered,Delhi
1653,8,2025-09-09,Delivered,Chennai
1654,422,2024-01-23,Delivered,Mumbai
1655,252,2025-11-29,Delivered,Surat
1656,290,2025-12-01,Cancelled,Mumbai
1657,218,2024-07-25,Processing,Mumbai
1658,465,2025-05-15,Delivered,Ahmedabad
1659,160,2024-11-04,Processing,Nashik
1660,278,2025-08-01,Shipped,Mumbai
1661,254,2025-12-29,Delivered,Mumbai
1662,64,2025-08-12,Processing,Nashik
1663,47,2024-06-03,Delivered,Kolkata
1664,255,2024-10-22,Processing,Nagpur
1665,449,2024-07-30,Shipped,Delhi
1666,484,2024-01-06,Delivered,Nashik
1667,65,2025-03-25,Delivered,Delhi
1668,21,2025-10-16,Delivered,Ahmedabad
1669,453,2025-10-26,Delivered,Ahmedabad
1670,290,2025-12-26,Delivered,Mumbai
1671,99,2024-03-02,Delivered,Nagpur
1672,98,2024-02-24,Delivered,Mumbai
1673,259,2025-08-13,Delivered,Hyderabad
1674,104,2024-11-20,Delivered,Chennai
1675,499,2025-01-24,Shipped,Hyderabad
1676,411,2024-12-10,Shipped,Nagpur
1677,94,2025-12-29,Delivered,Jaipur
1678,364,2024-01-09,Delivered,Nashik
1679,196,2025-02-08,Delivered,Nashik
1680,387,2025-11-17,Delivered,Nagpur
1681,13,2025-01-14,Shipped,Pune
1682,117,2024-07-07,Processing,Ahmedabad
1683,141,2024-01-03,Delivered,Ahmedabad
1684,222,2025-11-13,Shipped,Bengaluru
1685,11,2025-09-15,Delivered,Kolkata
1686,295,2025-08-24,Delivered,Hyderabad
1687,21,2025-03-27,Delivered,Ahmedabad
1688,409,2024-05-27,Delivered,Pune
1689,162,2024-02-12,Shipped,Bengaluru
1690,189,2025-09-05,Cancelled,Ahmedabad
1691,471,2024-03-15,Cancelled,Nagpur
1692,162,2024-02-19,Delivered,Bengaluru
1693,14,2025-09-05,Delivered,Mumbai
1694,130,2024-01-14,Delivered,Jaipur
1695,398,2025-01-08,Processing,Mumbai
1696,448,2024-04-03,Delivered,Nashik
1697,342,2025-02-19,Delivered,Bengaluru
1698,269,2025-06-17,Cancelled,Delhi
1699,497,2025-07-13,Processing,Delhi
1700,364,2025-01-14,Processing,Nashik
1701,279,2024-05-13,Delivered,Nagpur
1702,348,2025-04-23,Delivered,Surat
1703,247,2025-10-13,Shipped,Hyderabad
1704,430,2025-11-26,Delivered,Jaipur
1705,350,2024-12-20,Shipped,Mumbai
1706,356,2024-06-26,Delivered,Chennai
1707,466,2025-04-26,Returned,Jaipur
1708,498,2025-06-27,Delivered,Bengaluru
1709,194,2024-12-12,Delivered,Mumbai
1710,220,2024-04-17,Delivered,Nashik
1711,19,2024-07-26,Delivered,Hyderabad
1712,204,2025-01-08,Delivered,Surat
1713,471,2025-03-07,Delivered,Nagpur
1714,213,2025-06-12,Delivered,Ahmedabad
1715,363,2025-10-16,Delivered,Nagpur
1716,480,2025-01-16,Delivered,Surat
1717,150,2024-06-13,Delivered,Bengaluru
1718,53,2025-09-06,Cancelled,Delhi
1719,252,2024-08-09,Delivered,Surat
1720,413,2025-06-09,Delivered,Delhi
1721,269,2024-05-26,Shipped,Delhi
1722,133,2025-01-13,Delivered,Pune
1723,25,2024-09-19,Delivered,Pune
1724,307,2024-05-11,Shipped,Hyderabad
1725,167,2024-04-24,Shipped,Kolkata
1726,341,2025-08-05,Shipped,Delhi
1727,255,2024-01-15,Delivered,Nagpur
1728,387,2024-12-07,Delivered,Nagpur
1729,276,2025-11-02,Delivered,Surat
1730,186,2025-09-30,Delivered,Bengaluru
1731,247,2024-09-28,Delivered,Hyderabad
1732,358,2025-06-26,Delivered,Jaipur
1733,314,2024-07-06,Shipped,Mumbai
1734,478,2025-01-25,Delivered,Jaipur
1735,145,2024-01-02,Delivered,Pune
1736,144,2024-08-10,Delivered,Surat
1737,258,2025-03-23,Delivered,Bengaluru
1738,178,2025-03-08,Delivered,Jaipur
1739,272,2024-05-16,Delivered,Chennai
1740,72,2024-06-21,Delivered,Surat
1741,481,2024-08-12,Cancelled,Pune
1742,401,2025-08-29,Delivered,Delhi
1743,374,2025-02-24,Delivered,Mumbai
1744,403,2025-08-27,Delivered,Hyderabad
1745,155,2024-08-04,Delivered,Kolkata
1746,229,2024-01-30,Delivered,Pune
1747,77,2025-10-02,Cancelled,Delhi
1748,281,2024-03-21,Delivered,Delhi
1749,343,2024-10-05,Delivered,Hyderabad
1750,143,2025-02-08,Delivered,Kolkata
1751,66,2025-09-06,Returned,Bengaluru
1752,303,2025-04-21,Delivered,Nagpur
1753,165,2025-01-20,Delivered,Ahmedabad
1754,341,2024-04-18,Delivered,Delhi
1755,155,2024-02-02,Processing,Kolkata
1756,366,2024-11-03,Delivered,Bengaluru
1757,180,2024-08-26,Returned,Surat
1758,334,2024-05-07,Delivered,Jaipur
1759,297,2024-04-30,Delivered,Ahmedabad
1760,500,2025-12-25,Delivered,Chennai
1761,47,2025-10-23,Delivered,Kolkata
1762,10,2025-04-17,Delivered,Jaipur
1763,469,2024-12-27,Delivered,Pune
1764,185,2025-01-26,Delivered,Delhi
1765,324,2025-08-27,Returned,Surat
1766,225,2024-12-01,Delivered,Ahmedabad
1767,435,2025-07-31,Delivered,Nagpur
1768,200,2025-09-23,Delivered,Chennai
1769,164,2025-07-20,Delivered,Chennai
1770,383,2024-07-29,Delivered,Kolkata
1771,499,2025-01-18,Processing,Hyderabad
1772,106,2025-12-28,Delivered,Jaipur
1773,4,2024-07-17,Delivered,Nashik
1774,499,2024-12-15,Delivered,Hyderabad
1775,110,2025-09-17,Shipped,Mumbai
1776,223,2024-01-14,Delivered,Hyderabad
1777,386,2025-03-27,Delivered,Mumbai
1778,4,2024-04-05,Delivered,Nashik
1779,398,2024-10-27,Delivered,Mumbai
1780,193,2025-07-06,Delivered,Pune
1781,376,2025-03-05,Delivered,Nashik
1782,430,2025-10-02,Delivered,Jaipur
1783,296,2024-03-24,Delivered,Chennai
1784,324,2024-11-10,Delivered,Surat
1785,309,2025-07-11,Delivered,Ahmedabad
1786,367,2024-03-02,Delivered,Hyderabad
1787,480,2025-07-18,Processing,Surat
1788,206,2025-06-19,Delivered,Mumbai
1789,24,2025-06-12,Shipped,Surat
1790,420,2024-06-20,Delivered,Surat
1791,338,2025-07-16,Delivered,Mumbai
1792,306,2025-04-22,Delivered,Bengaluru
1793,251,2025-01-02,Delivered,Kolkata
1794,11,2025-05-01,Processing,Kolkata
1795,352,2024-04-13,Delivered,Nashik
1796,461,2024-02-05,Delivered,Delhi
1797,207,2025-12-23,Delivered,Nagpur
1798,73,2024-09-16,Delivered,Pune
1799,353,2025-12-16,Delivered,Delhi
1800,64,2025-06-13,Delivered,Nashik
1801,110,2024-02-21,Shipped,Mumbai
1802,118,2024-01-02,Delivered,Jaipur
1803,173,2024-07-01,Shipped,Delhi
1804,431,2025-07-15,Shipped,Kolkata
1805,199,2024-01-18,Shipped,Hyderabad
1806,324,2025-12-23,Delivered,Surat
1807,5,2024-07-19,Processing,Delhi
1808,50,2024-04-27,Delivered,Mumbai
1809,492,2025-07-05,Delivered,Surat
1810,317,2025-02-08,Delivered,Delhi
1811,251,2024-08-09,Processing,Kolkata
1812,414,2024-04-28,Delivered,Bengaluru
1813,219,2025-09-11,Delivered,Nagpur
1814,154,2025-08-22,Delivered,Jaipur
1815,417,2024-12-23,Delivered,Ahmedabad
1816,341,2025-05-09,Shipped,Delhi
1817,474,2025-09-12,Returned,Bengaluru
1818,338,2025-05-05,Shipped,Mumbai
1819,36,2025-01-04,Cancelled,Surat
1820,37,2025-04-14,Cancelled,Pune
1821,426,2024-06-20,Delivered,Bengaluru
1822,486,2025-06-16,Delivered,Bengaluru
1823,202,2024-06-03,Returned,Jaipur
1824,435,2024-11-13,Delivered,Nagpur
1825,458,2024-08-29,Delivered,Mumbai
1826,228,2025-03-30,Cancelled,Surat
1827,322,2025-12-21,Delivered,Jaipur
1828,183,2025-05-25,Delivered,Nagpur
1829,469,2025-09-17,Delivered,Pune
1830,359,2024-03-18,Returned,Kolkata
1831,77,2025-09-22,Delivered,Delhi
1832,37,2025-05-07,Delivered,Pune
1833,405,2024-08-23,Delivered,Ahmedabad
1834,292,2024-04-09,Delivered,Nashik
1835,279,2024-11-22,Delivered,Nagpur
1836,142,2024-06-06,Cancelled,Jaipur
1837,377,2025-04-11,Cancelled,Delhi
1838,254,2024-03-20,Delivered,Mumbai
1839,139,2025-09-12,Delivered,Hyderabad
1840,239,2024-05-22,Delivered,Kolkata
1841,183,2024-07-18,Delivered,Nagpur
1842,312,2024-08-25,Delivered,Surat
1843,352,2025-04-18,Delivered,Nashik
1844,427,2024-09-05,Shipped,Hyderabad
1845,86,2024-05-08,Delivered,Mumbai
1846,274,2024-05-26,Delivered,Jaipur
1847,9,2024-12-11,Delivered,Ahmedabad
1848,175,2024-07-18,Returned,Hyderabad
1849,346,2025-11-01,Delivered,Jaipur
1850,376,2024-08-14,Delivered,Nashik
1851,101,2025-09-08,Processing,Delhi
1852,227,2024-04-02,Delivered,Kolkata
1853,332,2024-10-31,Processing,Chennai
1854,204,2025-10-05,Delivered,Surat
1855,497,2025-02-23,Delivered,Delhi
1856,145,2025-05-15,Cancelled,Pune
1857,204,2024-11-27,Delivered,Surat
1858,219,2025-02-26,Delivered,Nagpur
1859,321,2025-08-14,Delivered,Ahmedabad
1860,196,2025-09-30,Delivered,Nashik
1861,343,2024-04-24,Delivered,Hyderabad
1862,497,2024-01-26,Delivered,Delhi
1863,19,2025-04-26,Delivered,Hyderabad
1864,20,2024-03-22,Delivered,Chennai
1865,352,2024-02-26,Processing,Nashik
1866,359,2025-11-20,Delivered,Kolkata
1867,171,2025-07-08,Shipped,Nagpur
1868,388,2025-12-28,Delivered,Nashik
1869,13,2024-07-27,Delivered,Pune
1870,211,2025-09-17,Shipped,Hyderabad
1871,3,2024-12-10,Delivered,Nagpur
1872,213,2025-06-14,Processing,Ahmedabad
1873,215,2024-10-18,Delivered,Kolkata
1874,210,2024-10-19,Delivered,Bengaluru
1875,119,2025-01-18,Shipped,Kolkata
1876,240,2025-12-14,Delivered,Surat
1877,382,2024-09-06,Delivered,Jaipur
1878,130,2024-04-07,Delivered,Jaipur
1879,407,2024-03-04,Delivered,Kolkata
1880,220,2024-05-02,Delivered,Nashik
1881,236,2025-08-02,Delivered,Chennai
1882,132,2025-03-22,Cancelled,Surat
1883,220,2025-02-17,Delivered,Nashik
1884,426,2024-09-08,Delivered,Bengaluru
1885,29,2025-01-04,Delivered,Delhi
1886,210,2024-11-22,Delivered,Bengaluru
1887,374,2024-07-14,Delivered,Mumbai
1888,387,2024-02-21,Delivered,Nagpur
1889,356,2025-08-10,Delivered,Chennai
1890,30,2025-03-17,Delivered,Bengaluru
1891,81,2024-08-19,Cancelled,Ahmedabad
1892,63,2024-09-07,Delivered,Nagpur
1893,443,2025-10-25,Shipped,Kolkata
1894,378,2025-05-12,Delivered,Bengaluru
1895,174,2024-04-05,Delivered,Bengaluru
1896,295,2024-06-01,Delivered,Hyderabad
1897,228,2025-07-22,Delivered,Surat
1898,276,2024-02-22,Delivered,Surat
1899,263,2024-11-19,Delivered,Kolkata
1900,198,2025-09-26,Delivered,Bengaluru
1901,461,2024-05-23,Delivered,Delhi
1902,15,2024-09-22,Delivered,Nagpur
1903,408,2025-11-05,Delivered,Surat
1904,238,2024-10-30,Returned,Jaipur
1905,203,2024-02-17,Cancelled,Kolkata
1906,162,2025-01-01,Delivered,Bengaluru
1907,241,2025-11-04,Delivered,Pune
1908,81,2024-11-16,Delivered,Ahmedabad
1909,269,2025-04-25,Delivered,Delhi
1910,369,2024-06-05,Shipped,Ahmedabad
1911,23,2025-04-15,Delivered,Kolkata
1912,325,2024-01-04,Delivered,Pune
1913,475,2024-01-05,Delivered,Hyderabad
1914,245,2024-11-10,Delivered,Delhi
1915,377,2024-07-20,Delivered,Delhi
1916,276,2024-08-13,Returned,Surat
1917,462,2025-10-30,Delivered,Bengaluru
1918,199,2025-12-06,Processing,Hyderabad
1919,82,2024-08-20,Shipped,Jaipur
1920,176,2024-04-09,Shipped,Chennai
1921,228,2024-12-24,Delivered,Surat
1922,378,2024-07-19,Returned,Bengaluru
1923,252,2024-08-18,Delivered,Surat
1924,500,2024-05-16,Delivered,Chennai
1925,340,2025-09-07,Shipped,Nashik
1926,284,2024-11-14,Delivered,Chennai
1927,217,2024-02-03,Delivered,Pune
1928,237,2025-08-17,Shipped,Ahmedabad
1929,40,2024-10-25,Delivered,Nashik
1930,229,2024-11-14,Delivered,Pune
1931,90,2025-01-12,Shipped,Bengaluru
1932,433,2025-01-05,Cancelled,Pune
1933,330,2024-11-08,Delivered,Bengaluru
1934,111,2024-06-21,Delivered,Nagpur
1935,500,2025-01-29,Delivered,Chennai
1936,180,2025-06-05,Delivered,Surat
1937,237,2025-04-30,Shipped,Ahmedabad
1938,491,2024-10-27,Delivered,Kolkata
1939,420,2024-05-10,Delivered,Surat
1940,421,2025-07-28,Cancelled,Pune
1941,93,2025-03-09,Delivered,Ahmedabad
1942,21,2025-05-13,Shipped,Ahmedabad
1943,89,2024-08-30,Processing,Delhi
1944,443,2024-02-23,Delivered,Kolkata
1945,410,2024-03-30,Delivered,Mumbai
1946,8,2025-10-03,Delivered,Chennai
1947,324,2024-07-19,Delivered,Surat
1948,137,2024-10-15,Delivered,Delhi
1949,296,2024-04-10,Delivered,Chennai
1950,215,2024-04-09,Shipped,Kolkata
1951,18,2024-05-27,Shipped,Bengaluru
1952,38,2025-08-11,Delivered,Mumbai
1953,432,2024-03-04,Cancelled,Surat
1954,260,2024-12-04,Delivered,Chennai
1955,307,2024-01-17,Delivered,Hyderabad
1956,404,2025-01-03,Cancelled,Chennai
1957,143,2024-07-17,Shipped,Kolkata
1958,430,2025-04-28,Delivered,Jaipur
1959,300,2024-08-02,Delivered,Surat
1960,103,2024-11-19,Delivered,Hyderabad
1961,175,2024-11-12,Delivered,Hyderabad
1962,261,2025-05-22,Delivered,Ahmedabad
1963,355,2025-01-14,Delivered,Hyderabad
1964,397,2024-06-10,Shipped,Pune
1965,161,2024-10-09,Delivered,Delhi
1966,300,2024-04-19,Delivered,Surat
1967,381,2025-03-15,Delivered,Ahmedabad
1968,351,2025-09-19,Processing,Nagpur
1969,416,2024-03-20,Shipped,Chennai
1970,422,2024-10-14,Returned,Mumbai
1971,162,2024-06-13,Delivered,Bengaluru
1972,237,2024-11-18,Delivered,Ahmedabad
1973,340,2025-05-20,Delivered,Nashik
1974,29,2024-06-10,Delivered,Delhi
1975,312,2025-10-10,Shipped,Surat
1976,357,2024-12-30,Delivered,Ahmedabad
1977,446,2024-05-11,Processing,Mumbai
1978,72,2025-06-02,Delivered,Surat
1979,171,2025-10-03,Delivered,Nagpur
1980,125,2025-05-13,Delivered,Delhi
1981,400,2024-03-29,Delivered,Nashik
1982,20,2024-10-09,Cancelled,Chennai
1983,436,2024-08-24,Processing,Nashik
1984,187,2025-06-30,Delivered,Hyderabad
1985,294,2025-11-02,Delivered,Bengaluru
1986,495,2024-10-11,Delivered,Nagpur
1987,365,2024-07-20,Processing,Delhi
1988,331,2024-12-12,Delivered,Hyderabad
1989,425,2024-06-06,Delivered,Delhi
1990,161,2025-06-07,Delivered,Delhi
1991,265,2025-07-07,Delivered,Pune
1992,331,2025-07-28,Delivered,Hyderabad
1993,242,2025-04-05,Delivered,Mumbai
1994,391,2024-09-22,Shipped,Hyderabad
1995,492,2025-04-06,Delivered,Surat
1996,200,2025-09-18,Delivered,Chennai
1997,123,2025-03-10,Returned,Nagpur
1998,467,2025-01-22,Processing,Kolkata
1999,25,2025-03-10,Shipped,Pune
2000,401,2025-04-23,Shipped,Delhi
