payment_id,order_id,payment_date,payment_method,payment_status,amount
1,1,2025-01-22,Wallet,Completed,234261.25
2,2,2024-06-27,Debit Card,Completed,78200.86
3,3,2025-11-17,Credit Card,Completed,60542.61
4,4,2025-07-21,Cash on Delivery,Completed,17632.29
5,5,2024-12-26,Wallet,Completed,122969.96
6,6,2025-01-26,Wallet,Completed,43278.63
7,7,2024-04-08,Debit Card,Completed,190240.19
8,8,2025-11-26,Wallet,Completed,121614.19
9,9,2025-11-26,Cash on Delivery,Completed,301703.98
10,10,2025-02-09,Cash on Delivery,Completed,103165.48
11,11,2024-07-05,Debit Card,Completed,181170.02
12,12,2024-03-27,Net Banking,Completed,256664.11
13,13,2024-08-24,Debit Card,Pending,117666.4
14,14,2024-12-07,Credit Card,Completed,334622.01
15,15,2025-01-23,UPI,Completed,70437.12
16,16,2025-12-24,UPI,Completed,146240.32
17,17,2025-06-27,Cash on Delivery,Completed,132022.64
18,18,2024-04-21,Cash on Delivery,Completed,48873.16
19,19,2024-09-06,Net Banking,Completed,227644.45
20,20,2024-09-06,Wallet,Completed,50614.04
21,21,2025-04-01,Debit Card,Completed,134159.28
22,22,2025-08-04,Wallet,Completed,296576.44
23,23,2025-11-05,Wallet,Completed,72755.58
24,24,2025-04-12,Net Banking,Completed,184827.88
25,25,2025-12-28,Wallet,Completed,398336.19
26,26,2024-02-16,Cash on Delivery,Completed,216184.5
27,27,2024-04-06,UPI,Completed,306132.33
28,28,2025-04-07,Wallet,Completed,274522.12
29,29,2025-11-05,Credit Card,Completed,42518.01
30,30,2025-06-14,Net Banking,Completed,31973.97
31,31,2025-04-28,Cash on Delivery,Completed,388601.84
32,32,2024-12-12,UPI,Refunded,285805.46
33,33,2024-09-08,UPI,Completed,164110.96
34,34,2025-05-12,Credit Card,Pending,15131.7
35,35,2024-01-30,Net Banking,Completed,109878.21
36,36,2025-10-13,Net Banking,Completed,246237.59
37,37,2025-12-27,Net Banking,Completed,197071.69
38,38,2025-04-28,Debit Card,Completed,258369.07
39,39,2025-11-24,Credit Card,Completed,148124.38
40,40,2025-06-24,Credit Card,Completed,34126.24
41,41,2025-02-16,UPI,Completed,134109.63
42,42,2025-01-06,Credit Card,Completed,71352.5
43,43,2024-11-03,Credit Card,Completed,81652.54
44,44,2024-09-08,Credit Card,Completed,300040.59
45,45,2024-11-18,Net Banking,Completed,40659.54
46,46,2024-03-09,Cash on Delivery,Failed,342194.06
47,47,2025-04-24,Cash on Delivery,Completed,25527.0
48,48,2024-01-15,Net Banking,Completed,33072.7
49,49,2024-05-25,Cash on Delivery,Completed,157263.54
50,50,2025-09-22,Debit Card,Completed,75844.22
51,51,2025-05-02,Debit Card,Completed,62257.3
52,52,2024-07-21,Debit Card,Completed,214417.46
53,53,2024-07-27,Credit Card,Completed,169470.68
54,54,2025-10-28,Wallet,Completed,184427.14
55,55,2025-01-31,UPI,Pending,68463.33
56,56,2025-11-26,UPI,Completed,281587.2
57,57,2024-07-07,Debit Card,Failed,54393.51
58,58,2024-08-21,Debit Card,Refunded,273910.25
59,59,2024-10-18,Net Banking,Completed,275801.78
60,60,2024-01-17,Cash on Delivery,Completed,281623.25
61,61,2025-10-01,Net Banking,Completed,300065.03
62,62,2024-11-22,Credit Card,Completed,108927.18
63,63,2025-09-15,Debit Card,Completed,245149.45
64,64,2025-02-03,UPI,Completed,231911.53
65,65,2025-04-08,Net Banking,Completed,333825.64
66,66,2024-06-27,Net Banking,Completed,180852.68
67,67,2025-11-07,Credit Card,Completed,230477.74
68,68,2025-12-16,Debit Card,Completed,327861.0
69,69,2025-07-13,Wallet,Completed,169737.64
70,70,2024-12-16,Debit Card,Completed,274166.39
71,71,2024-06-24,UPI,Completed,212756.09
72,72,2024-07-31,Wallet,Failed,111208.45
73,73,2025-03-04,Wallet,Completed,120753.21
74,74,2024-06-08,Wallet,Completed,111233.38
75,75,2025-09-22,Credit Card,Completed,195206.96
76,76,2024-01-08,Cash on Delivery,Completed,16203.91
77,77,2025-08-07,Debit Card,Completed,440100.31
78,78,2024-04-10,UPI,Completed,168457.23
79,79,2024-03-27,Credit Card,Completed,93284.56
80,80,2025-12-29,Debit Card,Completed,109752.45
81,81,2024-04-23,Credit Card,Completed,60698.89
82,82,2025-03-28,Net Banking,Completed,170135.14
83,83,2025-12-16,Cash on Delivery,Completed,77671.47
84,84,2024-04-12,Cash on Delivery,Completed,58031.0
85,85,2024-07-17,Wallet,Completed,165551.36
86,86,2025-05-01,Wallet,Completed,55013.91
87,87,2025-08-31,UPI,Completed,182421.71
88,88,2024-11-05,Credit Card,Completed,177888.8
89,89,2024-12-31,Cash on Delivery,Completed,246073.57
90,90,2025-04-23,Cash on Delivery,Refunded,61862.26
91,91,2025-12-31,Wallet,Completed,349160.29
92,92,2024-03-11,UPI,Completed,271405.65
93,93,2025-12-15,Credit Card,Completed,26298.5
94,94,2024-12-02,UPI,Completed,238615.74
95,95,2024-02-09,Credit Card,Completed,17119.81
96,96,2024-09-15,Net Banking,Completed,51467.97
97,97,2025-09-01,Wallet,Completed,113635.69
98,98,2024-11-01,UPI,Completed,154311.36
99,99,2025-06-30,UPI,Completed,248690.91
100,100,2024-12-26,Net Banking,Completed,50313.64
101,101,2024-04-15,Credit Card,Completed,115502.78
102,102,2024-03-11,Net Banking,Completed,190849.15
103,103,2025-01-25,Credit Card,Completed,232217.84
104,104,2024-02-09,Cash on Delivery,Completed,13584.18
105,105,2024-11-16,Net Banking,Completed,432797.37
106,106,2024-01-26,Credit Card,Completed,130856.13
107,107,2025-08-25,Debit Card,Completed,14152.16
108,108,2024-04-18,UPI,Completed,214766.6
109,109,2025-08-24,Credit Card,Completed,94072.3
110,110,2025-08-23,Cash on Delivery,Completed,234323.96
111,111,2024-10-15,Net Banking,Completed,33235.61
112,112,2024-07-08,Credit Card,Completed,15557.86
113,113,2025-01-05,UPI,Completed,324165.03
114,114,2024-12-06,Net Banking,Completed,131483.32
115,115,2024-06-09,Credit Card,Pending,43642.17
116,116,2025-07-04,UPI,Completed,12266.21
117,117,2024-03-04,Cash on Delivery,Pending,147065.42
118,118,2024-05-09,Cash on Delivery,Completed,21462.84
119,119,2024-10-17,Credit Card,Refunded,88175.99
120,120,2024-04-12,Cash on Delivery,Completed,268360.56
121,121,2024-11-24,Wallet,Completed,314619.27
122,122,2025-10-01,Wallet,Refunded,78462.45
123,123,2025-09-29,Cash on Delivery,Refunded,50128.08
124,124,2024-06-10,Net Banking,Completed,81641.3
125,125,2024-07-30,Cash on Delivery,Completed,233539.21
126,126,2025-02-19,Wallet,Completed,183036.98
127,127,2025-08-29,UPI,Completed,389996.39
128,128,2024-01-21,Cash on Delivery,Completed,93968.42
129,129,2025-03-15,Credit Card,Completed,42259.09
130,130,2024-07-08,Credit Card,Completed,256495.14
131,131,2025-07-07,Debit Card,Failed,22626.95
132,132,2025-02-14,Credit Card,Completed,323185.38
133,133,2024-07-17,Debit Card,Completed,141672.26
134,134,2024-08-19,UPI,Completed,58651.08
135,135,2025-05-10,Credit Card,Completed,159459.94
136,136,2024-01-01,UPI,Completed,41351.5
137,137,2025-10-16,Net Banking,Completed,319988.2
138,138,2024-05-05,Credit Card,Pending,215053.92
139,139,2024-12-11,Wallet,Completed,362973.26
140,140,2025-11-15,Cash on Delivery,Refunded,110635.91
141,141,2024-06-08,Wallet,Completed,194024.44
142,142,2024-05-23,Credit Card,Completed,27514.61
143,143,2024-06-06,Wallet,Completed,236868.06
144,144,2024-06-02,Cash on Delivery,Completed,358700.81
145,145,2024-05-10,Cash on Delivery,Completed,70775.16
146,146,2025-09-21,Cash on Delivery,Completed,38494.0
147,147,2024-09-20,Wallet,Completed,25679.71
148,148,2024-09-18,UPI,Completed,149550.47
149,149,2025-03-22,UPI,Completed,118689.04
150,150,2025-10-11,UPI,Refunded,246236.13
151,151,2024-03-14,Cash on Delivery,Completed,334837.73
152,152,2024-03-25,Credit Card,Completed,275911.23
153,153,2024-03-31,Debit Card,Completed,218445.69
154,154,2025-07-05,Net Banking,Completed,91698.62
155,155,2025-01-19,Credit Card,Refunded,127117.32
156,156,2024-02-04,Wallet,Completed,52387.03
157,157,2024-08-25,Cash on Delivery,Completed,25426.16
158,158,2025-02-27,Net Banking,Completed,104706.57
159,159,2024-05-05,Cash on Delivery,Refunded,160363.21
160,160,2025-01-01,Debit Card,Completed,162484.95
161,161,2025-12-11,Cash on Delivery,Completed,555615.88
162,162,2024-10-18,Credit Card,Completed,92192.04
163,163,2024-04-05,Wallet,Completed,24803.63
164,164,2024-05-23,Credit Card,Completed,18441.42
165,165,2025-09-24,Net Banking,Completed,271388.31
166,166,2024-09-19,Wallet,Completed,195559.13
167,167,2024-11-12,UPI,Completed,295220.53
168,168,2025-11-07,Credit Card,Completed,55204.96
169,169,2024-10-12,Net Banking,Completed,151649.39
170,170,2024-11-25,Wallet,Completed,186741.1
171,171,2024-12-03,Credit Card,Completed,42035.96
172,172,2025-02-10,Net Banking,Refunded,131085.18
173,173,2024-09-11,Net Banking,Completed,107624.86
174,174,2024-03-10,Debit Card,Failed,197636.57
175,175,2025-06-11,Debit Card,Completed,183258.65
176,176,2024-06-05,UPI,Completed,18441.42
177,177,2025-07-07,Wallet,Completed,173591.28
178,178,2025-08-26,UPI,Completed,18869.55
179,179,2025-03-14,UPI,Completed,246323.55
180,180,2024-02-10,Cash on Delivery,Completed,116781.85
181,181,2024-10-15,Wallet,Completed,164956.19
182,182,2025-02-28,Cash on Delivery,Completed,83602.32
183,183,2024-01-29,Cash on Delivery,Pending,73869.46
184,184,2025-02-16,Cash on Delivery,Pending,201891.03
185,185,2025-06-28,Credit Card,Completed,55445.18
186,186,2024-12-28,Wallet,Completed,312174.93
187,187,2024-01-06,Wallet,Completed,173821.61
188,188,2024-08-31,Cash on Delivery,Completed,71282.04
189,189,2024-10-01,Wallet,Completed,189167.16
190,190,2024-07-16,Debit Card,Completed,146463.69
191,191,2025-07-21,Credit Card,Completed,133488.14
192,192,2025-01-26,Credit Card,Refunded,128885.18
193,193,2025-12-04,Cash on Delivery,Pending,222509.67
194,194,2024-05-18,Net Banking,Completed,314151.1
195,195,2025-10-04,Credit Card,Completed,98660.77
196,196,2024-03-14,UPI,Completed,240051.82
197,197,2024-12-17,Credit Card,Completed,3846.5
198,198,2025-12-19,Net Banking,Completed,214623.63
199,199,2024-11-06,Wallet,Completed,229762.99
200,200,2024-10-31,Credit Card,Completed,235425.05
201,201,2025-08-05,Credit Card,Refunded,179179.33
202,202,2024-07-26,Debit Card,Completed,224572.31
203,203,2025-10-01,Cash on Delivery,Completed,137608.77
204,204,2025-01-16,Wallet,Completed,207226.16
205,205,2025-05-20,Credit Card,Completed,298238.45
206,206,2025-05-02,UPI,Completed,417894.85
207,207,2025-03-29,Cash on Delivery,Failed,151505.98
208,208,2024-12-04,Cash on Delivery,Completed,15948.9
209,209,2024-06-05,UPI,Completed,116703.73
210,210,2024-05-19,Cash on Delivery,Completed,82560.63
211,211,2024-03-11,UPI,Completed,520227.17
212,212,2024-10-23,Credit Card,Completed,172365.95
213,213,2025-12-12,UPI,Completed,39056.98
214,214,2025-04-22,Debit Card,Completed,158286.23
215,215,2025-04-08,Cash on Delivery,Pending,226852.74
216,216,2024-11-10,Cash on Delivery,Completed,397644.29
217,217,2025-01-25,Cash on Delivery,Refunded,219057.88
218,218,2025-12-02,Wallet,Completed,424818.15
219,219,2025-05-31,Credit Card,Completed,165746.54
220,220,2025-10-22,Debit Card,Completed,37325.11
221,221,2025-11-15,Wallet,Completed,99027.46
222,222,2024-03-28,Credit Card,Completed,101403.75
223,223,2025-09-01,Cash on Delivery,Failed,315250.83
224,224,2025-01-26,Wallet,Completed,41889.79
225,225,2025-02-19,Net Banking,Completed,23987.88
226,226,2024-11-21,Wallet,Completed,77279.35
227,227,2025-12-08,Credit Card,Completed,113141.96
228,228,2024-05-18,Wallet,Completed,8416.8
229,229,2025-12-06,Credit Card,Completed,14136.66
230,230,2025-09-27,Cash on Delivery,Failed,76564.52
231,231,2025-08-29,Debit Card,Refunded,227666.9
232,232,2025-09-08,Debit Card,Completed,66910.22
233,233,2024-04-02,Net Banking,Completed,8933.9
234,234,2025-02-02,UPI,Completed,203112.51
235,235,2025-10-18,Cash on Delivery,Refunded,67714.0
236,236,2025-05-30,Wallet,Completed,18222.39
237,237,2024-11-29,UPI,Completed,129420.35
238,238,2024-09-21,Credit Card,Completed,88292.13
239,239,2024-03-07,Net Banking,Completed,112513.63
240,240,2025-07-23,Net Banking,Pending,89323.8
241,241,2025-11-10,Credit Card,Completed,180661.67
242,242,2024-01-27,UPI,Completed,283121.96
243,243,2024-05-31,Credit Card,Refunded,113839.99
244,244,2024-06-08,Credit Card,Completed,182134.75
245,245,2025-11-14,Net Banking,Refunded,2896.64
246,246,2024-06-21,UPI,Completed,289963.93
247,247,2024-04-22,UPI,Completed,352592.91
248,248,2024-05-23,Debit Card,Completed,206620.98
249,249,2025-10-29,Cash on Delivery,Pending,130203.5
250,250,2025-04-01,Wallet,Completed,174164.57
251,251,2025-08-07,Credit Card,Completed,211218.58
252,252,2025-09-22,Cash on Delivery,Completed,303697.58
253,253,2024-09-11,Debit Card,Completed,440258.55
254,254,2024-06-15,Net Banking,Completed,237236.93
255,255,2025-11-22,Debit Card,Failed,87878.21
256,256,2025-07-18,Credit Card,Refunded,127735.16
257,257,2024-05-14,Wallet,Completed,96005.99
258,258,2025-04-21,UPI,Completed,123358.54
259,259,2024-11-15,UPI,Completed,224427.74
260,260,2025-06-12,Wallet,Completed,114109.02
261,261,2025-11-16,UPI,Completed,241992.0
262,262,2024-03-19,Net Banking,Completed,81040.0
263,263,2025-01-15,Credit Card,Completed,36591.35
264,264,2024-11-15,Cash on Delivery,Refunded,445364.46
265,265,2024-12-21,Net Banking,Completed,246191.16
266,266,2024-11-03,UPI,Completed,152168.07
267,267,2025-03-10,Cash on Delivery,Completed,34487.98
268,268,2025-04-10,Cash on Delivery,Completed,196456.15
269,269,2025-12-18,Credit Card,Completed,192162.54
270,270,2025-10-16,Wallet,Failed,109126.02
271,271,2024-02-16,Wallet,Completed,168090.74
272,272,2025-04-19,UPI,Completed,15282.2
273,273,2024-11-10,UPI,Completed,31544.81
274,274,2025-09-19,Wallet,Completed,44274.17
275,275,2024-09-11,Net Banking,Completed,184335.2
276,276,2025-05-06,Credit Card,Refunded,87059.56
277,277,2024-09-29,Cash on Delivery,Completed,97887.77
278,278,2025-08-16,Net Banking,Completed,179216.55
279,279,2025-06-23,Cash on Delivery,Completed,48219.76
280,280,2024-06-08,Cash on Delivery,Completed,202102.33
281,281,2024-04-06,Net Banking,Completed,176479.58
282,282,2025-04-04,Cash on Delivery,Completed,110616.97
283,283,2025-10-16,Wallet,Completed,80891.38
284,284,2024-03-21,Credit Card,Refunded,96612.37
285,285,2024-04-24,Wallet,Completed,23980.43
286,286,2024-08-01,Wallet,Completed,109550.04
287,287,2025-10-07,Wallet,Completed,149655.96
288,288,2025-06-02,Cash on Delivery,Completed,92207.08
289,289,2024-09-20,Net Banking,Completed,456538.56
290,290,2024-04-18,UPI,Completed,364368.08
291,291,2024-08-15,Wallet,Completed,3846.5
292,292,2025-02-06,Cash on Delivery,Completed,15986.99
293,293,2024-02-22,Credit Card,Completed,28063.73
294,294,2025-07-25,UPI,Refunded,252416.77
295,295,2025-08-18,Debit Card,Completed,98557.53
296,296,2025-08-22,Credit Card,Completed,117872.64
297,297,2024-09-20,UPI,Completed,255145.95
298,298,2024-12-07,Net Banking,Completed,222510.03
299,299,2024-06-25,Credit Card,Completed,236386.79
300,300,2024-08-19,Cash on Delivery,Completed,106188.83
301,301,2024-04-06,UPI,Completed,41000.81
302,302,2024-08-09,Debit Card,Completed,202218.43
303,303,2024-06-23,UPI,Completed,284285.33
304,304,2025-11-10,Debit Card,Completed,34902.19
305,305,2025-04-15,Net Banking,Completed,23052.76
306,306,2025-12-31,Credit Card,Completed,62372.07
307,307,2025-10-13,UPI,Completed,82853.72
308,308,2025-08-02,Debit Card,Completed,11464.42
309,309,2024-03-02,Net Banking,Completed,165221.06
310,310,2024-12-14,Net Banking,Completed,216367.4
311,311,2024-10-25,Debit Card,Completed,27193.95
312,312,2025-02-09,UPI,Completed,180334.28
313,313,2024-03-20,Cash on Delivery,Completed,102008.73
314,314,2025-08-03,Credit Card,Failed,237167.14
315,315,2025-12-29,Credit Card,Completed,45395.09
316,316,2025-10-11,Debit Card,Pending,165340.24
317,317,2024-10-21,Cash on Delivery,Completed,28280.04
318,318,2025-03-19,Net Banking,Completed,120337.71
319,319,2024-09-10,Net Banking,Completed,184154.58
320,320,2024-08-05,Credit Card,Completed,204643.52
321,321,2024-05-23,Net Banking,Completed,311262.6
322,322,2025-11-24,Wallet,Completed,196801.46
323,323,2025-09-02,Wallet,Completed,164645.57
324,324,2024-05-20,Credit Card,Completed,68462.17
325,325,2025-08-15,Debit Card,Completed,32414.83
326,326,2025-10-29,Debit Card,Completed,194649.34
327,327,2025-05-10,UPI,Completed,292888.35
328,328,2024-06-20,UPI,Completed,94099.15
329,329,2025-12-05,Cash on Delivery,Completed,51868.27
330,330,2024-11-10,Credit Card,Completed,233328.68
331,331,2024-07-03,Cash on Delivery,Completed,45642.22
332,332,2025-07-19,Credit Card,Completed,380504.43
333,333,2025-09-02,Net Banking,Completed,21806.59
334,334,2024-01-04,Cash on Delivery,Completed,179876.34
335,335,2025-12-27,Cash on Delivery,Completed,181929.5
336,336,2024-05-31,Net Banking,Refunded,282865.37
337,337,2025-08-14,Net Banking,Pending,111491.75
338,338,2024-10-16,Cash on Delivery,Completed,210220.47
339,339,2024-09-29,Wallet,Completed,115670.52
340,340,2024-05-24,Credit Card,Completed,139776.23
341,341,2024-12-17,UPI,Completed,216080.69
342,342,2025-04-13,Net Banking,Completed,229236.36
343,343,2025-12-18,UPI,Completed,48434.09
344,344,2024-10-22,UPI,Completed,217757.38
345,345,2024-06-30,Cash on Delivery,Completed,261554.14
346,346,2025-07-04,Debit Card,Completed,20393.7
347,347,2024-12-07,Cash on Delivery,Completed,209371.36
348,348,2024-05-16,Credit Card,Completed,133410.28
349,349,2024-08-01,Credit Card,Failed,94099.15
350,350,2025-10-24,Wallet,Completed,64534.44
351,351,2024-07-15,UPI,Completed,93892.54
352,352,2024-07-04,Cash on Delivery,Completed,65796.0
353,353,2025-11-20,Cash on Delivery,Pending,128437.16
354,354,2024-06-14,UPI,Refunded,50870.19
355,355,2024-10-18,UPI,Completed,244865.52
356,356,2024-04-28,Wallet,Pending,58836.0
357,357,2025-07-25,Cash on Delivery,Completed,256865.36
358,358,2025-11-02,UPI,Completed,182087.34
359,359,2025-09-11,Wallet,Completed,61244.65
360,360,2024-02-06,UPI,Completed,173206.13
361,361,2024-08-11,Debit Card,Refunded,42590.11
362,362,2025-07-09,Cash on Delivery,Completed,159468.24
363,363,2025-07-26,Credit Card,Completed,33739.69
364,364,2025-06-15,Cash on Delivery,Completed,86466.95
365,365,2025-10-02,Cash on Delivery,Completed,102217.8
366,366,2025-06-28,UPI,Completed,23430.74
367,367,2025-07-03,Cash on Delivery,Completed,191794.63
368,368,2024-03-27,Credit Card,Failed,142758.85
369,369,2025-01-03,Net Banking,Completed,144516.98
370,370,2025-03-01,Wallet,Failed,44213.66
371,371,2025-07-28,Net Banking,Completed,1157.34
372,372,2024-06-30,Cash on Delivery,Completed,174463.22
373,373,2025-05-11,Cash on Delivery,Completed,234165.87
374,374,2024-05-19,Wallet,Completed,36575.74
375,375,2025-12-02,Debit Card,Completed,83205.22
376,376,2025-11-02,Net Banking,Refunded,163219.25
377,377,2024-09-14,Cash on Delivery,Completed,156405.59
378,378,2024-12-13,Net Banking,Refunded,99141.17
379,379,2024-03-10,Credit Card,Completed,76971.62
380,380,2025-10-01,Cash on Delivery,Completed,240644.06
381,381,2025-07-30,Debit Card,Completed,410149.3
382,382,2025-12-16,Cash on Delivery,Completed,20180.87
383,383,2024-08-07,Net Banking,Completed,280911.23
384,384,2024-09-04,Credit Card,Completed,133726.37
385,385,2025-04-26,UPI,Completed,186193.75
386,386,2024-01-20,Credit Card,Completed,142020.02
387,387,2025-06-03,Wallet,Completed,129664.0
388,388,2024-12-28,Net Banking,Completed,203938.56
389,389,2024-09-13,Credit Card,Completed,175157.66
390,390,2024-01-24,Wallet,Completed,149841.7
391,391,2025-11-20,Cash on Delivery,Completed,69180.48
392,392,2025-07-02,UPI,Failed,275407.85
393,393,2025-09-26,UPI,Completed,335585.24
394,394,2025-10-08,Wallet,Completed,39795.95
395,395,2025-01-22,Wallet,Completed,43245.76
396,396,2024-06-28,Debit Card,Completed,61377.52
397,397,2024-01-21,UPI,Refunded,343916.57
398,398,2025-06-02,Debit Card,Completed,84587.12
399,399,2025-06-27,Debit Card,Completed,70466.62
400,400,2024-12-14,Wallet,Completed,272631.44
401,401,2025-04-14,Debit Card,Completed,183669.27
402,402,2025-10-10,Cash on Delivery,Completed,250746.06
403,403,2024-09-14,Wallet,Pending,218378.15
404,404,2024-04-12,Credit Card,Refunded,366114.98
405,405,2025-10-23,Cash on Delivery,Completed,383801.78
406,406,2024-08-30,Cash on Delivery,Completed,185499.16
407,407,2024-06-03,Wallet,Completed,80000.42
408,408,2024-03-29,Net Banking,Completed,317278.94
409,409,2025-12-24,Wallet,Completed,38211.83
410,410,2024-04-08,Cash on Delivery,Completed,53277.08
411,411,2025-02-27,UPI,Completed,115209.22
412,412,2025-04-06,Credit Card,Completed,37252.7
413,413,2025-04-11,Net Banking,Completed,55907.9
414,414,2025-06-06,Wallet,Completed,89331.27
415,415,2024-09-10,Cash on Delivery,Completed,153705.44
416,416,2024-05-03,Debit Card,Completed,89146.57
417,417,2024-07-11,Cash on Delivery,Completed,247718.63
418,418,2024-06-29,Credit Card,Completed,395443.45
419,419,2024-08-29,Net Banking,Completed,96717.69
420,420,2025-09-18,Net Banking,Completed,245939.92
421,421,2025-07-14,Wallet,Completed,497856.05
422,422,2024-06-09,UPI,Completed,3254.7
423,423,2025-10-26,Debit Card,Completed,436253.0
424,424,2025-02-21,Net Banking,Failed,143940.92
425,425,2025-02-10,Cash on Delivery,Completed,553268.49
426,426,2025-03-21,Wallet,Completed,70425.66
427,427,2024-04-08,Cash on Delivery,Failed,294328.97
428,428,2025-05-09,Net Banking,Completed,31177.76
429,429,2024-02-24,UPI,Completed,128707.75
430,430,2024-10-25,Credit Card,Failed,170072.03
431,431,2024-06-11,Credit Card,Completed,271701.01
432,432,2025-06-27,Wallet,Refunded,57462.12
433,433,2025-08-30,Credit Card,Completed,19028.29
434,434,2025-07-10,Debit Card,Completed,11303.02
435,435,2024-12-30,Wallet,Refunded,16536.35
436,436,2025-11-08,UPI,Completed,12498.52
437,437,2025-01-21,Wallet,Completed,328814.27
438,438,2025-06-22,Wallet,Completed,54020.15
439,439,2025-01-13,Wallet,Completed,219076.72
440,440,2025-11-03,UPI,Completed,243472.58
441,441,2024-12-08,Debit Card,Refunded,113573.48
442,442,2024-11-26,Debit Card,Completed,192933.82
443,443,2024-06-08,Credit Card,Pending,383369.2
444,444,2024-01-03,UPI,Failed,246659.03
445,445,2025-07-17,Wallet,Completed,151331.37
446,446,2024-01-25,Wallet,Completed,312846.08
447,447,2024-04-24,Net Banking,Refunded,232219.85
448,448,2024-05-02,UPI,Completed,9404.09
449,449,2024-08-28,Credit Card,Completed,227303.7
450,450,2024-10-28,Cash on Delivery,Completed,141974.63
451,451,2024-06-18,Wallet,Completed,399368.69
452,452,2025-01-02,Wallet,Completed,61166.9
453,453,2025-09-14,UPI,Refunded,36451.15
454,454,2024-06-14,Net Banking,Completed,82702.99
455,455,2024-07-02,Cash on Delivery,Completed,209120.34
456,456,2025-03-01,Cash on Delivery,Refunded,16914.03
457,457,2025-12-23,Credit Card,Completed,274309.37
458,458,2025-04-11,UPI,Completed,3949.95
459,459,2025-11-12,UPI,Completed,105318.8
460,460,2025-01-22,Wallet,Completed,99290.38
461,461,2024-08-11,Cash on Delivery,Failed,134196.33
462,462,2025-12-21,UPI,Refunded,33854.72
463,463,2025-10-23,UPI,Completed,147219.34
464,464,2024-07-16,Debit Card,Completed,341271.06
465,465,2025-02-05,Net Banking,Failed,241954.72
466,466,2025-01-05,Net Banking,Completed,250537.92
467,467,2024-10-25,UPI,Failed,98836.45
468,468,2024-09-01,Credit Card,Completed,92361.56
469,469,2024-04-02,Wallet,Completed,44731.44
470,470,2025-09-13,Cash on Delivery,Completed,51198.37
471,471,2024-06-15,Net Banking,Completed,238867.73
472,472,2025-02-09,Wallet,Completed,308504.87
473,473,2024-08-20,Cash on Delivery,Completed,23509.73
474,474,2025-04-24,UPI,Completed,174702.0
475,475,2024-02-18,Debit Card,Completed,173271.09
476,476,2025-03-02,Wallet,Completed,74305.7
477,477,2025-09-12,UPI,Completed,303365.03
478,478,2025-03-18,Net Banking,Pending,204712.99
479,479,2024-11-19,UPI,Completed,106028.37
480,480,2025-08-11,Net Banking,Completed,308372.7
481,481,2024-01-11,Cash on Delivery,Completed,66165.45
482,482,2025-10-21,Credit Card,Completed,107786.04
483,483,2024-04-21,Credit Card,Completed,98138.22
484,484,2025-04-27,Cash on Delivery,Completed,255542.45
485,485,2025-03-13,Net Banking,Refunded,74849.98
486,486,2024-12-28,Net Banking,Completed,44394.39
487,487,2024-12-14,Debit Card,Completed,13126.94
488,488,2024-06-12,Cash on Delivery,Pending,81040.0
489,489,2024-09-14,Credit Card,Completed,231361.02
490,490,2024-01-14,Cash on Delivery,Completed,312981.22
491,491,2025-04-16,Net Banking,Completed,48349.36
492,492,2025-07-21,Debit Card,Refunded,76086.33
493,493,2025-06-04,Net Banking,Completed,149681.79
494,494,2024-12-12,UPI,Completed,265553.48
495,495,2024-06-29,Credit Card,Completed,134085.62
496,496,2024-06-12,Cash on Delivery,Completed,84345.93
497,497,2024-10-30,Net Banking,Completed,73275.25
498,498,2025-08-25,Debit Card,Completed,11754.86
499,499,2024-05-27,UPI,Completed,59438.52
500,500,2024-01-15,UPI,Refunded,43861.61
501,501,2025-11-25,Cash on Delivery,Completed,150036.54
502,502,2025-07-11,UPI,Refunded,40849.3
503,503,2025-10-25,Credit Card,Refunded,63207.53
504,504,2025-02-07,Cash on Delivery,Completed,272505.03
505,505,2025-09-14,UPI,Completed,57429.63
506,506,2025-03-26,Credit Card,Completed,221876.99
507,507,2025-02-22,UPI,Refunded,15986.95
508,508,2025-06-25,Debit Card,Completed,159706.78
509,509,2025-06-17,Wallet,Completed,194043.08
510,510,2024-12-10,Cash on Delivery,Completed,145946.46
511,511,2024-08-16,Debit Card,Refunded,27920.47
512,512,2025-06-21,Debit Card,Completed,10164.89
513,513,2024-05-09,UPI,Completed,36285.91
514,514,2024-12-06,Wallet,Completed,88483.26
515,515,2025-06-20,Credit Card,Completed,129105.9
516,516,2025-09-21,Cash on Delivery,Completed,173694.55
517,517,2025-09-14,Debit Card,Completed,99523.87
518,518,2025-03-27,Credit Card,Completed,94530.46
519,519,2024-07-09,Credit Card,Completed,120555.59
520,520,2025-12-23,Cash on Delivery,Completed,195913.89
521,521,2024-03-06,Wallet,Completed,117475.97
522,522,2024-09-07,Cash on Delivery,Completed,148964.0
523,523,2024-12-12,Net Banking,Failed,298690.28
524,524,2024-07-28,Wallet,Refunded,157702.75
525,525,2025-09-09,Wallet,Completed,119379.02
526,526,2025-09-07,Debit Card,Completed,20635.96
527,527,2025-11-27,Cash on Delivery,Pending,58708.19
528,528,2024-03-27,Credit Card,Completed,131418.76
529,529,2024-12-24,Wallet,Completed,79795.53
530,530,2024-04-21,Credit Card,Completed,116413.19
531,531,2024-02-04,UPI,Completed,3898.4
532,532,2024-04-13,Debit Card,Refunded,353077.84
533,533,2024-10-29,Credit Card,Completed,17749.51
534,534,2024-07-25,Net Banking,Completed,388652.05
535,535,2025-03-24,Credit Card,Completed,84946.49
536,536,2025-04-21,Cash on Delivery,Pending,75904.65
537,537,2024-01-11,Debit Card,Completed,143556.5
538,538,2024-11-30,Cash on Delivery,Refunded,285906.19
539,539,2025-08-16,Wallet,Completed,168387.96
540,540,2025-01-23,Cash on Delivery,Pending,69804.38
541,541,2024-01-18,Debit Card,Completed,255425.36
542,542,2024-09-10,Credit Card,Completed,137134.52
543,543,2024-03-15,Debit Card,Completed,221538.96
544,544,2025-11-18,Wallet,Completed,31544.76
545,545,2025-03-15,Cash on Delivery,Completed,113162.29
546,546,2024-07-27,UPI,Completed,85814.26
547,547,2025-04-08,Debit Card,Completed,17023.16
548,548,2025-12-17,Credit Card,Completed,343713.33
549,549,2024-11-22,Debit Card,Completed,130359.69
550,550,2024-04-19,Debit Card,Completed,204752.04
551,551,2025-12-22,UPI,Completed,11572.95
552,552,2024-11-26,Cash on Delivery,Completed,376004.77
553,553,2024-08-24,Wallet,Completed,205597.59
554,554,2025-12-16,Net Banking,Completed,75039.65
555,555,2024-04-07,UPI,Completed,94965.26
556,556,2025-11-21,Credit Card,Completed,310263.78
557,557,2025-01-04,Wallet,Completed,11668.39
558,558,2024-11-07,UPI,Completed,109287.22
559,559,2025-01-02,Wallet,Refunded,272850.19
560,560,2024-07-07,Debit Card,Completed,113377.35
561,561,2025-09-20,Debit Card,Completed,103963.19
562,562,2024-07-25,Cash on Delivery,Refunded,232004.76
563,563,2024-10-11,Credit Card,Completed,14809.44
564,564,2025-12-14,Net Banking,Completed,147886.44
565,565,2024-08-10,UPI,Completed,221405.51
566,566,2024-10-14,Wallet,Completed,210265.01
567,567,2025-05-12,Wallet,Pending,164625.3
568,568,2025-05-09,Cash on Delivery,Completed,315984.22
569,569,2024-09-16,UPI,Failed,93884.48
570,570,2025-06-07,Credit Card,Completed,154346.69
571,571,2024-09-22,Wallet,Refunded,352679.64
572,572,2025-02-22,Credit Card,Completed,82082.43
573,573,2025-10-20,UPI,Failed,44523.13
574,574,2024-01-29,Net Banking,Completed,165600.88
575,575,2024-04-02,Wallet,Completed,167577.05
576,576,2025-07-01,Debit Card,Completed,163070.63
577,577,2025-08-13,UPI,Completed,7221.35
578,578,2025-03-20,Debit Card,Completed,15534.43
579,579,2025-06-06,Credit Card,Refunded,78130.5
580,580,2024-09-08,Cash on Delivery,Completed,75386.22
581,581,2025-01-15,Credit Card,Completed,422839.52
582,582,2024-05-09,Wallet,Completed,21807.59
583,583,2024-01-12,Debit Card,Completed,20200.32
584,584,2024-07-14,Wallet,Completed,102376.02
585,585,2024-03-22,Credit Card,Completed,75904.65
586,586,2024-07-18,Credit Card,Completed,66910.22
587,587,2024-07-23,UPI,Completed,121330.91
588,588,2024-10-04,UPI,Completed,289461.17
589,589,2024-09-05,Debit Card,Completed,233280.76
590,590,2024-03-06,Cash on Delivery,Completed,239915.61
591,591,2024-05-27,Wallet,Completed,248337.79
592,592,2025-12-26,Wallet,Pending,5755.81
593,593,2025-01-03,Credit Card,Completed,162402.69
594,594,2024-08-19,UPI,Completed,14507.75
595,595,2025-07-13,UPI,Completed,213516.91
596,596,2025-10-17,Cash on Delivery,Completed,279443.49
597,597,2025-07-15,Wallet,Completed,85853.62
598,598,2024-08-15,UPI,Completed,176315.42
599,599,2024-03-10,Debit Card,Refunded,112247.88
600,600,2025-07-16,Wallet,Completed,30106.33
601,601,2025-04-24,Cash on Delivery,Completed,112001.57
602,602,2025-07-16,Credit Card,Completed,225298.09
603,603,2025-03-16,Wallet,Failed,92655.01
604,604,2024-03-13,Debit Card,Completed,111862.67
605,605,2024-10-31,UPI,Completed,59539.34
606,606,2024-11-24,Net Banking,Completed,128225.24
607,607,2024-10-15,Wallet,Completed,177003.5
608,608,2025-10-03,Credit Card,Completed,48018.71
609,609,2025-10-16,Wallet,Completed,174485.81
610,610,2024-08-28,Debit Card,Completed,359396.24
611,611,2024-10-31,Net Banking,Completed,104229.59
612,612,2025-01-03,Credit Card,Completed,141862.68
613,613,2024-09-14,Credit Card,Completed,110027.82
614,614,2024-10-29,Credit Card,Completed,263690.56
615,615,2024-07-07,Cash on Delivery,Refunded,216605.24
616,616,2025-07-28,Net Banking,Refunded,329716.64
617,617,2025-09-04,Wallet,Completed,95499.72
618,618,2025-01-21,Net Banking,Completed,24373.19
619,619,2025-08-22,Cash on Delivery,Completed,68713.6
620,620,2024-07-12,Credit Card,Completed,109368.3
621,621,2024-03-26,Cash on Delivery,Completed,115312.59
622,622,2025-06-12,Net Banking,Completed,385822.38
623,623,2025-03-13,Net Banking,Completed,178939.78
624,624,2024-02-21,Credit Card,Completed,14620.64
625,625,2024-07-08,Net Banking,Completed,243700.56
626,626,2024-03-28,Debit Card,Completed,143216.21
627,627,2025-10-15,Wallet,Completed,62014.12
628,628,2024-08-24,Credit Card,Pending,260549.42
629,629,2025-06-10,UPI,Pending,204385.71
630,630,2024-04-25,Credit Card,Completed,130979.75
631,631,2025-12-30,Wallet,Completed,175555.9
632,632,2025-09-29,Wallet,Completed,75003.74
633,633,2025-11-04,UPI,Completed,45100.92
634,634,2024-03-24,Net Banking,Failed,253005.8
635,635,2025-11-23,Wallet,Pending,28326.54
636,636,2024-09-17,Credit Card,Completed,198764.24
637,637,2024-10-31,Net Banking,Completed,354183.06
638,638,2025-10-18,Debit Card,Completed,257781.79
639,639,2025-05-31,Credit Card,Completed,73027.55
640,640,2024-01-31,Debit Card,Completed,442203.18
641,641,2024-09-04,Credit Card,Completed,145252.79
642,642,2024-03-11,Net Banking,Completed,141858.72
643,643,2025-07-01,Cash on Delivery,Completed,45395.09
644,644,2024-04-09,UPI,Completed,117147.96
645,645,2024-09-27,Wallet,Pending,203779.22
646,646,2024-08-05,Wallet,Completed,92594.22
647,647,2024-09-27,Net Banking,Completed,458043.3
648,648,2024-10-10,Cash on Delivery,Completed,57874.46
649,649,2024-07-11,Wallet,Completed,250606.36
650,650,2024-10-10,UPI,Refunded,317545.57
651,651,2025-01-24,Credit Card,Completed,89760.24
652,652,2024-10-03,UPI,Completed,14791.26
653,653,2025-12-07,Cash on Delivery,Failed,132400.95
654,654,2025-10-27,Wallet,Completed,225447.11
655,655,2024-02-13,Credit Card,Completed,96788.76
656,656,2025-05-26,Debit Card,Refunded,378623.46
657,657,2024-12-02,Cash on Delivery,Completed,515426.63
658,658,2025-02-14,Net Banking,Completed,228048.54
659,659,2025-07-03,Net Banking,Completed,11513.02
660,660,2025-06-14,Credit Card,Completed,115636.16
661,661,2025-04-06,Net Banking,Completed,135105.64
662,662,2025-07-06,Debit Card,Completed,554241.78
663,663,2025-09-28,Wallet,Completed,40694.02
664,664,2025-02-12,Debit Card,Completed,296844.41
665,665,2025-09-21,Cash on Delivery,Completed,194754.22
666,666,2024-11-02,Debit Card,Completed,94735.14
667,667,2024-09-06,Cash on Delivery,Completed,395598.47
668,668,2024-05-30,Debit Card,Completed,29015.5
669,669,2025-10-10,Wallet,Failed,106677.99
670,670,2024-05-26,Cash on Delivery,Completed,151774.05
671,671,2025-12-12,Wallet,Pending,115660.61
672,672,2025-03-22,Wallet,Completed,165366.24
673,673,2024-08-07,Net Banking,Completed,202184.04
674,674,2025-06-15,Debit Card,Completed,40238.94
675,675,2024-01-04,Net Banking,Completed,213492.47
676,676,2025-11-25,Net Banking,Completed,306514.19
677,677,2024-12-10,Debit Card,Completed,36605.68
678,678,2024-11-15,Net Banking,Completed,170194.44
679,679,2025-01-15,UPI,Completed,174580.14
680,680,2025-03-14,Net Banking,Completed,15150.24
681,681,2025-12-29,Cash on Delivery,Failed,103519.28
682,682,2024-10-09,Credit Card,Completed,252444.75
683,683,2024-09-14,Wallet,Completed,433623.99
684,684,2024-05-08,UPI,Completed,92411.56
685,685,2024-12-29,Cash on Delivery,Completed,223981.15
686,686,2024-01-24,UPI,Completed,1627.35
687,687,2024-10-22,UPI,Completed,3889.46
688,688,2024-07-10,Debit Card,Refunded,212646.52
689,689,2024-06-02,Wallet,Completed,57277.12
690,690,2025-02-22,UPI,Completed,239513.36
691,691,2025-02-28,Credit Card,Completed,53579.75
692,692,2025-08-27,Cash on Delivery,Pending,208302.73
693,693,2024-11-09,Cash on Delivery,Completed,208310.41
694,694,2025-09-25,Net Banking,Completed,87690.66
695,695,2025-02-19,Credit Card,Failed,129224.77
696,696,2024-05-05,Wallet,Completed,93241.9
697,697,2025-06-17,Credit Card,Completed,9237.48
698,698,2025-06-14,Debit Card,Completed,249102.72
699,699,2025-09-22,Debit Card,Completed,378825.88
700,700,2024-03-06,Debit Card,Completed,139494.24
701,701,2024-02-13,Wallet,Completed,130141.39
702,702,2024-06-21,Net Banking,Completed,310630.77
703,703,2024-11-08,UPI,Completed,17749.51
704,704,2024-12-23,UPI,Completed,93090.16
705,705,2025-12-23,Wallet,Completed,226096.4
706,706,2025-08-31,Wallet,Completed,147301.9
707,707,2024-12-14,Debit Card,Completed,34866.16
708,708,2025-04-30,Credit Card,Completed,46769.87
709,709,2024-07-11,Net Banking,Completed,212183.85
710,710,2024-09-26,Wallet,Completed,78211.3
711,711,2024-12-03,Debit Card,Pending,177301.99
712,712,2024-08-11,UPI,Refunded,126130.51
713,713,2024-09-23,Debit Card,Completed,300921.78
714,714,2025-09-30,Net Banking,Completed,284631.31
715,715,2024-04-08,Wallet,Completed,41153.7
716,716,2025-09-12,Cash on Delivery,Completed,183642.82
717,717,2024-04-19,Debit Card,Completed,229378.99
718,718,2024-02-05,Credit Card,Completed,88650.9
719,719,2025-12-22,Cash on Delivery,Completed,46166.26
720,720,2025-06-30,UPI,Completed,168115.56
721,721,2025-03-10,Net Banking,Completed,99950.6
722,722,2024-09-20,Net Banking,Failed,325531.74
723,723,2025-03-11,Net Banking,Refunded,222633.36
724,724,2024-07-07,Cash on Delivery,Completed,17971.16
725,725,2024-04-02,UPI,Completed,21697.95
726,726,2025-03-13,Cash on Delivery,Refunded,324715.0
727,727,2025-07-04,Debit Card,Completed,16536.35
728,728,2025-08-12,UPI,Completed,154352.11
729,729,2025-02-10,UPI,Completed,169686.89
730,730,2024-08-28,UPI,Completed,22303.41
731,731,2025-05-12,Cash on Delivery,Refunded,113112.81
732,732,2024-11-01,Cash on Delivery,Completed,142469.21
733,733,2024-12-22,Credit Card,Pending,126754.46
734,734,2024-06-21,Debit Card,Completed,153090.96
735,735,2024-02-21,Debit Card,Pending,87030.58
736,736,2024-04-02,Credit Card,Completed,83665.42
737,737,2025-07-12,Credit Card,Pending,102132.28
738,738,2025-10-20,Credit Card,Completed,69174.23
739,739,2024-02-22,Debit Card,Completed,126218.24
740,740,2025-04-06,UPI,Completed,200286.74
741,741,2025-08-27,Cash on Delivery,Completed,223072.26
742,742,2025-03-04,Credit Card,Completed,110454.67
743,743,2025-05-26,Debit Card,Refunded,186518.53
744,744,2025-03-06,Cash on Delivery,Completed,57864.76
745,745,2024-11-17,Wallet,Completed,184632.6
746,746,2025-12-31,Debit Card,Pending,228568.88
747,747,2024-05-28,Wallet,Completed,27196.51
748,748,2024-12-17,UPI,Completed,119723.26
749,749,2024-02-07,Cash on Delivery,Completed,200814.88
750,750,2025-03-03,Wallet,Completed,186775.81
751,751,2025-04-26,Credit Card,Completed,146039.02
752,752,2025-04-15,Cash on Delivery,Completed,119816.11
753,753,2025-04-01,Wallet,Completed,367037.35
754,754,2025-03-20,Cash on Delivery,Completed,86864.07
755,755,2024-07-20,Debit Card,Completed,126089.83
756,756,2025-09-30,Debit Card,Completed,106021.28
757,757,2024-03-06,Cash on Delivery,Completed,73848.12
758,758,2024-06-12,Credit Card,Completed,103227.34
759,759,2025-08-28,Wallet,Refunded,4149.74
760,760,2025-03-08,Wallet,Completed,153271.76
761,761,2024-11-22,Debit Card,Completed,148457.49
762,762,2025-06-14,UPI,Completed,118942.86
763,763,2024-09-27,Net Banking,Completed,118215.41
764,764,2024-04-15,Credit Card,Completed,121138.1
765,765,2024-09-30,Cash on Delivery,Completed,170586.22
766,766,2025-01-04,Credit Card,Refunded,194413.33
767,767,2024-03-20,Credit Card,Completed,96325.88
768,768,2025-08-18,Cash on Delivery,Completed,155514.53
769,769,2025-07-19,Cash on Delivery,Completed,247455.76
770,770,2024-03-23,Credit Card,Completed,103850.12
771,771,2025-12-02,UPI,Completed,77661.0
772,772,2024-02-08,UPI,Completed,106146.52
773,773,2025-10-09,Cash on Delivery,Completed,260071.8
774,774,2025-02-07,Net Banking,Completed,99407.12
775,775,2025-08-21,Net Banking,Completed,242072.8
776,776,2024-01-25,Net Banking,Completed,81599.6
777,777,2025-11-25,UPI,Completed,62349.04
778,778,2024-07-23,UPI,Completed,178995.01
779,779,2025-11-17,Net Banking,Completed,162691.12
780,780,2025-01-25,UPI,Completed,266627.03
781,781,2024-12-03,UPI,Completed,266535.65
782,782,2024-03-30,UPI,Completed,186345.98
783,783,2024-06-19,Wallet,Completed,226919.34
784,784,2024-04-16,UPI,Completed,157448.01
785,785,2025-02-05,Wallet,Completed,428191.33
786,786,2024-04-30,UPI,Completed,110462.57
787,787,2024-09-26,Debit Card,Refunded,48649.57
788,788,2025-10-28,Wallet,Completed,191712.75
789,789,2025-10-28,Debit Card,Failed,171856.43
790,790,2025-08-30,Debit Card,Completed,376531.5
791,791,2025-03-29,Debit Card,Completed,240391.15
792,792,2025-05-19,Net Banking,Completed,229807.42
793,793,2025-12-01,Wallet,Completed,118163.08
794,794,2025-07-25,UPI,Completed,11028.85
795,795,2024-01-10,Net Banking,Completed,238067.94
796,796,2025-01-06,UPI,Completed,46355.26
797,797,2024-09-04,Debit Card,Completed,13096.76
798,798,2025-01-22,Net Banking,Completed,33960.44
799,799,2025-12-10,Cash on Delivery,Refunded,210709.0
800,800,2024-08-21,Net Banking,Completed,217640.49
801,801,2025-02-01,UPI,Pending,132549.11
802,802,2025-04-15,Net Banking,Refunded,6733.44
803,803,2024-07-28,Cash on Delivery,Completed,2747.0
804,804,2024-01-19,Wallet,Completed,118242.5
805,805,2024-12-04,UPI,Completed,203732.32
806,806,2025-03-26,Debit Card,Completed,122501.49
807,807,2025-06-29,Cash on Delivery,Completed,122448.19
808,808,2025-03-17,UPI,Completed,89125.66
809,809,2024-02-01,Wallet,Completed,105065.01
810,810,2025-04-25,UPI,Refunded,131535.99
811,811,2024-01-12,Wallet,Completed,70467.01
812,812,2025-07-04,Net Banking,Completed,22057.7
813,813,2025-02-03,Cash on Delivery,Pending,206196.0
814,814,2025-05-25,Credit Card,Completed,167431.44
815,815,2024-03-31,Debit Card,Completed,121560.0
816,816,2024-01-21,Credit Card,Completed,369490.48
817,817,2024-02-27,Cash on Delivery,Completed,313482.25
818,818,2024-01-05,Credit Card,Completed,79785.81
819,819,2024-09-03,UPI,Completed,307839.38
820,820,2024-11-25,UPI,Completed,82563.04
821,821,2025-07-15,Credit Card,Refunded,58488.21
822,822,2025-04-21,Wallet,Completed,88509.47
823,823,2024-08-03,Debit Card,Completed,183518.22
824,824,2024-03-06,Net Banking,Completed,18162.78
825,825,2025-11-21,Debit Card,Refunded,411671.49
826,826,2024-10-28,Net Banking,Completed,111339.41
827,827,2024-11-29,Net Banking,Completed,15628.84
828,828,2024-01-24,Cash on Delivery,Completed,8441.64
829,829,2025-03-24,Cash on Delivery,Completed,52996.68
830,830,2025-05-02,UPI,Completed,382807.23
831,831,2025-10-10,Credit Card,Completed,110113.59
832,832,2024-12-25,UPI,Completed,77090.77
833,833,2024-07-18,UPI,Completed,46177.93
834,834,2024-05-24,UPI,Completed,116379.68
835,835,2025-08-25,Net Banking,Completed,181965.64
836,836,2025-10-02,Debit Card,Refunded,70404.54
837,837,2024-06-16,Cash on Delivery,Refunded,326763.96
838,838,2025-02-20,Debit Card,Completed,5568.09
839,839,2025-02-15,Debit Card,Completed,106444.93
840,840,2024-07-29,Cash on Delivery,Completed,18127.74
841,841,2024-03-02,Debit Card,Completed,71602.54
842,842,2025-10-12,Credit Card,Completed,193098.35
843,843,2025-01-17,Wallet,Completed,148562.61
844,844,2024-12-07,Cash on Delivery,Completed,189241.24
845,845,2025-08-25,Debit Card,Completed,15890.14
846,846,2025-06-09,Cash on Delivery,Completed,408377.38
847,847,2025-02-24,Credit Card,Completed,208158.51
848,848,2024-07-31,Debit Card,Completed,184193.92
849,849,2025-06-18,Wallet,Completed,183618.73
850,850,2025-05-02,Net Banking,Completed,521635.53
851,851,2025-12-25,UPI,Completed,65800.53
852,852,2025-08-18,Net Banking,Completed,106346.77
853,853,2024-11-28,Net Banking,Completed,198858.04
854,854,2024-10-14,Wallet,Failed,83932.38
855,855,2024-03-18,Debit Card,Completed,42466.15
856,856,2025-09-05,Wallet,Completed,172980.25
857,857,2024-10-16,Debit Card,Completed,58954.58
858,858,2024-12-26,Debit Card,Pending,124597.51
859,859,2025-10-15,Net Banking,Completed,259326.48
860,860,2025-02-24,Net Banking,Completed,96488.87
861,861,2025-03-26,Cash on Delivery,Completed,129609.05
862,862,2024-10-18,Credit Card,Failed,111391.64
863,863,2025-03-02,Cash on Delivery,Completed,222097.18
864,864,2024-12-12,Cash on Delivery,Completed,230691.86
865,865,2025-06-28,UPI,Completed,233180.94
866,866,2025-08-09,Debit Card,Completed,145701.99
867,867,2024-04-23,Credit Card,Completed,71491.01
868,868,2024-07-27,Wallet,Completed,148021.5
869,869,2024-06-24,UPI,Completed,35408.18
870,870,2024-07-07,Net Banking,Completed,195723.87
871,871,2025-11-25,Debit Card,Completed,93909.08
872,872,2025-10-02,Debit Card,Refunded,126187.76
873,873,2025-10-01,Net Banking,Completed,193202.75
874,874,2025-08-22,UPI,Completed,228272.71
875,875,2024-10-16,Debit Card,Completed,14809.44
876,876,2025-05-19,UPI,Completed,10960.04
877,877,2024-10-12,Net Banking,Completed,33960.44
878,878,2025-06-01,Net Banking,Completed,1139.7
879,879,2025-10-13,Credit Card,Completed,64827.3
880,880,2024-05-06,Debit Card,Completed,156095.74
881,881,2025-12-12,Cash on Delivery,Completed,245939.92
882,882,2024-07-02,Wallet,Completed,48364.47
883,883,2025-09-21,Wallet,Completed,34442.0
884,884,2025-01-03,Cash on Delivery,Refunded,75835.52
885,885,2024-01-10,Net Banking,Completed,113043.67
886,886,2025-01-08,Debit Card,Completed,29320.89
887,887,2024-09-17,Wallet,Completed,379161.26
888,888,2024-05-02,Wallet,Completed,117374.55
889,889,2025-07-28,Cash on Delivery,Completed,76033.36
890,890,2024-10-15,Net Banking,Completed,53156.42
891,891,2024-01-03,Net Banking,Pending,15046.58
892,892,2025-02-11,Net Banking,Completed,53062.33
893,893,2024-07-17,Wallet,Completed,249307.47
894,894,2024-05-13,Net Banking,Completed,160645.3
895,895,2025-05-31,Net Banking,Completed,82832.16
896,896,2024-03-10,Cash on Delivery,Completed,169091.59
897,897,2024-05-07,Debit Card,Completed,205319.21
898,898,2024-09-20,Net Banking,Completed,382115.12
899,899,2024-06-01,Wallet,Completed,241315.99
900,900,2024-12-29,Cash on Delivery,Pending,285050.33
901,901,2024-06-14,UPI,Completed,132599.64
902,902,2025-09-03,Wallet,Failed,115537.22
903,903,2025-10-07,Cash on Delivery,Completed,158178.27
904,904,2025-09-27,UPI,Completed,35689.71
905,905,2025-05-08,Wallet,Refunded,181162.4
906,906,2025-04-22,UPI,Refunded,305916.09
907,907,2024-03-14,Wallet,Completed,114606.28
908,908,2024-02-24,Debit Card,Completed,133347.47
909,909,2024-11-23,UPI,Completed,196014.41
910,910,2025-09-07,Net Banking,Refunded,54137.37
911,911,2024-04-29,UPI,Completed,29161.44
912,912,2025-10-10,Net Banking,Completed,59296.04
913,913,2025-07-05,Debit Card,Completed,108234.06
914,914,2025-04-20,Cash on Delivery,Completed,294753.39
915,915,2024-07-09,Net Banking,Completed,50235.51
916,916,2024-03-26,Debit Card,Completed,278095.83
917,917,2025-04-12,Cash on Delivery,Completed,91792.53
918,918,2024-06-08,Net Banking,Completed,66128.65
919,919,2025-05-16,Debit Card,Completed,81356.38
920,920,2025-11-15,Debit Card,Completed,138397.16
921,921,2025-09-04,Credit Card,Completed,248536.33
922,922,2025-06-26,Cash on Delivery,Refunded,223460.0
923,923,2025-09-12,Wallet,Completed,192292.28
924,924,2025-04-03,UPI,Completed,373755.14
925,925,2025-05-11,Debit Card,Completed,130373.82
926,926,2025-12-29,Wallet,Failed,26075.45
927,927,2024-02-14,Net Banking,Completed,246798.32
928,928,2024-03-29,Net Banking,Pending,285558.42
929,929,2024-08-29,UPI,Completed,313979.88
930,930,2024-05-15,Net Banking,Pending,134644.0
931,931,2024-02-04,Wallet,Completed,55600.57
932,932,2025-05-22,Wallet,Completed,39100.72
933,933,2024-01-22,Net Banking,Completed,252859.71
934,934,2024-07-26,UPI,Completed,249135.9
935,935,2024-11-15,Net Banking,Completed,272318.08
936,936,2024-07-29,Cash on Delivery,Completed,5792.38
937,937,2024-02-10,UPI,Refunded,148367.11
938,938,2025-12-17,Wallet,Completed,136319.95
939,939,2024-12-07,Net Banking,Completed,13140.29
940,940,2025-08-17,Debit Card,Completed,184280.31
941,941,2024-06-12,Credit Card,Completed,173516.53
942,942,2024-12-05,Credit Card,Completed,207924.19
943,943,2025-05-16,Cash on Delivery,Completed,192714.22
944,944,2025-04-21,Credit Card,Completed,13706.85
945,945,2024-09-30,UPI,Completed,227030.64
946,946,2025-07-28,Cash on Delivery,Completed,42985.75
947,947,2024-11-15,UPI,Completed,106072.73
948,948,2024-06-03,Cash on Delivery,Completed,446969.15
949,949,2024-06-18,Credit Card,Completed,66757.88
950,950,2025-07-15,UPI,Completed,357730.08
951,951,2024-10-04,Cash on Delivery,Completed,116311.97
952,952,2025-08-18,UPI,Pending,287932.87
953,953,2025-07-07,Wallet,Completed,110035.7
954,954,2025-04-27,Debit Card,Completed,273024.94
955,955,2025-06-30,UPI,Completed,2192.85
956,956,2024-10-31,Wallet,Completed,23927.17
957,957,2024-08-19,Debit Card,Completed,233424.8
958,958,2024-10-30,Cash on Delivery,Refunded,53910.72
959,959,2024-10-28,Cash on Delivery,Completed,189680.67
960,960,2025-11-12,Credit Card,Completed,90545.34
961,961,2025-03-29,Credit Card,Completed,85565.79
962,962,2024-01-17,Net Banking,Completed,22338.49
963,963,2024-03-28,Net Banking,Completed,365503.5
964,964,2024-07-20,Cash on Delivery,Completed,277884.54
965,965,2025-01-23,UPI,Pending,121272.86
966,966,2024-04-30,UPI,Completed,140799.33
967,967,2025-02-05,Debit Card,Completed,58055.44
968,968,2025-02-05,UPI,Completed,359266.61
969,969,2024-01-19,Cash on Delivery,Completed,181658.29
970,970,2024-03-20,Wallet,Refunded,148836.91
971,971,2024-04-18,Debit Card,Refunded,149507.29
972,972,2025-03-27,UPI,Completed,140813.11
973,973,2025-12-22,Wallet,Completed,465308.18
974,974,2025-12-12,Credit Card,Completed,132638.6
975,975,2025-04-01,Wallet,Completed,63191.28
976,976,2024-10-08,Cash on Delivery,Completed,341913.48
977,977,2024-04-18,Debit Card,Refunded,43062.73
978,978,2024-10-04,Debit Card,Completed,123522.99
979,979,2025-12-09,Cash on Delivery,Completed,157159.39
980,980,2025-11-04,Credit Card,Completed,38345.48
981,981,2025-05-30,UPI,Completed,228016.65
982,982,2025-01-24,UPI,Completed,384579.07
983,983,2024-11-29,Cash on Delivery,Completed,149077.17
984,984,2024-06-28,Cash on Delivery,Completed,89146.57
985,985,2024-01-27,Wallet,Refunded,131565.32
986,986,2026-01-01,UPI,Completed,290756.09
987,987,2024-04-29,Wallet,Completed,138488.15
988,988,2024-02-13,Debit Card,Completed,42590.11
989,989,2025-05-14,Net Banking,Completed,223898.67
990,990,2024-09-25,Cash on Delivery,Completed,12483.28
991,991,2025-03-11,Wallet,Completed,142090.24
992,992,2025-02-16,Wallet,Completed,110323.88
993,993,2025-05-02,Credit Card,Completed,272045.46
994,994,2024-08-23,Wallet,Refunded,221722.92
995,995,2024-06-28,Wallet,Completed,41922.21
996,996,2025-12-21,Credit Card,Completed,267141.43
997,997,2025-08-17,Wallet,Completed,162119.01
998,998,2024-07-28,Wallet,Completed,82001.61
999,999,2024-08-25,Net Banking,Completed,1035.51
1000,1000,2025-11-30,UPI,Completed,73299.49
1001,1001,2024-04-22,Cash on Delivery,Completed,80970.05
1002,1002,2024-04-19,Wallet,Completed,55145.14
1003,1003,2025-01-15,Credit Card,Completed,155737.25
1004,1004,2024-04-26,Net Banking,Pending,125997.99
1005,1005,2024-07-01,Debit Card,Completed,79285.76
1006,1006,2025-08-07,Debit Card,Refunded,269626.43
1007,1007,2024-03-14,Net Banking,Completed,60979.87
1008,1008,2024-07-07,Wallet,Completed,120484.24
1009,1009,2024-08-22,UPI,Pending,144936.48
1010,1010,2025-02-23,UPI,Refunded,141034.6
1011,1011,2024-12-09,Cash on Delivery,Completed,147724.74
1012,1012,2024-04-05,Wallet,Pending,196724.99
1013,1013,2025-01-04,Credit Card,Completed,154805.7
1014,1014,2025-04-23,UPI,Completed,7775.18
1015,1015,2025-06-07,Debit Card,Completed,36510.39
1016,1016,2025-03-25,Debit Card,Completed,6939.79
1017,1017,2024-03-14,Cash on Delivery,Completed,136940.38
1018,1018,2024-02-20,Credit Card,Completed,98889.54
1019,1019,2024-02-14,Cash on Delivery,Completed,16945.7
1020,1020,2024-04-29,UPI,Completed,291395.26
1021,1021,2025-08-02,Cash on Delivery,Failed,197177.5
1022,1022,2024-08-14,Net Banking,Completed,312133.07
1023,1023,2025-02-14,UPI,Completed,65040.16
1024,1024,2025-04-23,Wallet,Completed,116732.9
1025,1025,2025-12-16,Credit Card,Completed,147113.01
1026,1026,2025-08-30,Debit Card,Completed,128520.75
1027,1027,2024-06-28,Credit Card,Completed,315692.16
1028,1028,2024-03-04,UPI,Completed,127653.27
1029,1029,2025-03-06,Net Banking,Refunded,178301.82
1030,1030,2024-02-29,UPI,Completed,90731.54
1031,1031,2024-08-03,Debit Card,Completed,89346.64
1032,1032,2025-07-11,Debit Card,Completed,34902.19
1033,1033,2024-07-24,UPI,Completed,74954.4
1034,1034,2025-11-24,Cash on Delivery,Completed,365190.74
1035,1035,2024-08-28,UPI,Completed,43523.25
1036,1036,2024-10-14,Credit Card,Pending,88238.51
1037,1037,2024-12-13,Wallet,Completed,231814.6
1038,1038,2024-08-18,UPI,Completed,164050.31
1039,1039,2024-07-13,Net Banking,Completed,216312.8
1040,1040,2025-03-16,Cash on Delivery,Completed,370661.93
1041,1041,2025-07-30,UPI,Refunded,21782.4
1042,1042,2024-07-06,Cash on Delivery,Completed,237533.47
1043,1043,2025-12-22,Cash on Delivery,Completed,4273.89
1044,1044,2025-03-27,UPI,Completed,131310.37
1045,1045,2024-05-15,Wallet,Completed,393778.5
1046,1046,2024-10-06,Wallet,Completed,147935.88
1047,1047,2025-07-14,UPI,Completed,15004.85
1048,1048,2025-07-01,Net Banking,Refunded,328768.79
1049,1049,2024-12-04,Cash on Delivery,Completed,233642.92
1050,1050,2025-11-02,Debit Card,Completed,121822.55
1051,1051,2025-10-10,Cash on Delivery,Completed,360988.03
1052,1052,2025-04-20,Debit Card,Failed,39717.91
1053,1053,2025-03-26,Wallet,Completed,131267.48
1054,1054,2025-03-26,Cash on Delivery,Completed,33892.44
1055,1055,2024-06-06,Wallet,Completed,190714.72
1056,1056,2025-03-13,Credit Card,Completed,156689.67
1057,1057,2024-06-29,UPI,Completed,214294.13
1058,1058,2024-09-30,Wallet,Completed,31297.13
1059,1059,2024-10-27,UPI,Completed,35212.83
1060,1060,2025-06-19,Debit Card,Completed,224245.93
1061,1061,2024-01-14,Net Banking,Refunded,137416.0
1062,1062,2025-08-20,Cash on Delivery,Completed,111974.14
1063,1063,2025-09-26,Credit Card,Completed,18373.72
1064,1064,2024-09-04,Debit Card,Completed,48097.15
1065,1065,2025-03-21,Wallet,Completed,8938.21
1066,1066,2024-06-12,Debit Card,Pending,91338.77
1067,1067,2025-04-26,Credit Card,Completed,298838.44
1068,1068,2025-07-10,Cash on Delivery,Completed,285235.25
1069,1069,2024-05-30,Wallet,Completed,289222.73
1070,1070,2025-02-05,UPI,Completed,81215.04
1071,1071,2025-09-30,Cash on Delivery,Completed,240657.34
1072,1072,2025-09-14,Credit Card,Refunded,155676.22
1073,1073,2024-12-06,Wallet,Completed,49173.71
1074,1074,2024-03-02,Credit Card,Refunded,97536.04
1075,1075,2024-07-07,Wallet,Completed,142084.27
1076,1076,2025-11-28,UPI,Refunded,253634.33
1077,1077,2025-12-03,Wallet,Completed,75126.05
1078,1078,2025-04-14,Debit Card,Completed,308117.91
1079,1079,2024-08-31,Net Banking,Completed,237714.67
1080,1080,2024-05-17,UPI,Completed,250519.41
1081,1081,2024-08-10,Credit Card,Completed,212083.85
1082,1082,2025-06-04,Debit Card,Completed,44606.81
1083,1083,2024-11-27,Wallet,Completed,165309.57
1084,1084,2024-04-28,Debit Card,Completed,19680.96
1085,1085,2024-07-16,Net Banking,Completed,100407.44
1086,1086,2024-04-28,Credit Card,Refunded,124871.67
1087,1087,2024-08-31,Credit Card,Failed,165018.18
1088,1088,2024-05-20,Debit Card,Completed,124798.43
1089,1089,2025-01-30,Wallet,Completed,73910.36
1090,1090,2025-05-19,Wallet,Completed,92011.69
1091,1091,2024-11-09,Credit Card,Completed,162336.72
1092,1092,2024-03-12,Net Banking,Failed,178674.89
1093,1093,2025-06-12,Net Banking,Completed,225638.77
1094,1094,2025-09-09,Wallet,Completed,149872.05
1095,1095,2025-07-21,Net Banking,Completed,192869.8
1096,1096,2024-08-11,Cash on Delivery,Completed,62322.81
1097,1097,2025-12-28,Cash on Delivery,Failed,222274.93
1098,1098,2025-08-26,Credit Card,Completed,32919.07
1099,1099,2025-06-22,Wallet,Completed,294738.6
1100,1100,2025-09-19,Net Banking,Completed,12473.52
1101,1101,2024-01-02,Wallet,Completed,418007.71
1102,1102,2024-09-15,Net Banking,Completed,45809.07
1103,1103,2024-05-16,Wallet,Pending,46014.29
1104,1104,2024-02-23,Cash on Delivery,Completed,101823.87
1105,1105,2025-10-30,Debit Card,Completed,103856.74
1106,1106,2025-12-18,UPI,Refunded,100057.71
1107,1107,2024-04-16,Cash on Delivery,Completed,100306.05
1108,1108,2025-03-16,Credit Card,Completed,39954.95
1109,1109,2024-03-12,UPI,Completed,5698.52
1110,1110,2024-02-26,Cash on Delivery,Completed,118184.24
1111,1111,2025-12-21,Credit Card,Completed,316078.02
1112,1112,2025-06-04,Debit Card,Refunded,37524.64
1113,1113,2025-05-10,Net Banking,Completed,70420.91
1114,1114,2025-09-26,Wallet,Completed,145946.46
1115,1115,2024-01-06,Cash on Delivery,Completed,280969.94
1116,1116,2025-11-15,Wallet,Completed,329096.06
1117,1117,2024-12-25,Net Banking,Completed,213005.22
1118,1118,2024-02-14,Credit Card,Completed,98694.0
1119,1119,2025-06-15,UPI,Refunded,40291.16
1120,1120,2024-04-15,Net Banking,Completed,25853.7
1121,1121,2024-05-24,Credit Card,Completed,85350.04
1122,1122,2025-02-09,UPI,Completed,224716.32
1123,1123,2025-04-18,Net Banking,Completed,36513.78
1124,1124,2025-02-11,Debit Card,Completed,24997.04
1125,1125,2024-04-22,Wallet,Pending,172554.37
1126,1126,2025-07-09,Net Banking,Completed,136886.55
1127,1127,2025-10-31,Credit Card,Completed,154410.42
1128,1128,2025-11-08,Wallet,Completed,35212.83
1129,1129,2024-01-03,Wallet,Completed,191926.61
1130,1130,2024-03-21,Cash on Delivery,Completed,150718.32
1131,1131,2024-09-14,Net Banking,Completed,274355.18
1132,1132,2025-08-01,Credit Card,Failed,459596.83
1133,1133,2024-04-18,Credit Card,Completed,155143.22
1134,1134,2024-09-18,UPI,Completed,192561.62
1135,1135,2024-07-25,Cash on Delivery,Completed,82490.39
1136,1136,2024-07-20,Credit Card,Completed,106012.47
1137,1137,2025-07-08,Cash on Delivery,Completed,95754.18
1138,1138,2024-04-12,Debit Card,Completed,94103.96
1139,1139,2025-05-10,Wallet,Completed,292357.52
1140,1140,2025-04-19,Credit Card,Completed,63191.28
1141,1141,2024-11-16,Wallet,Pending,205954.84
1142,1142,2025-01-15,Net Banking,Completed,82245.0
1143,1143,2024-05-01,Cash on Delivery,Completed,85861.3
1144,1144,2025-11-28,Credit Card,Completed,56119.97
1145,1145,2024-09-16,Credit Card,Completed,117805.25
1146,1146,2025-10-18,UPI,Completed,204938.76
1147,1147,2025-11-03,Cash on Delivery,Completed,147359.63
1148,1148,2024-03-26,UPI,Completed,23426.49
1149,1149,2024-09-09,Debit Card,Completed,66705.14
1150,1150,2025-10-05,Net Banking,Completed,74228.74
1151,1151,2025-12-10,Wallet,Completed,84537.96
1152,1152,2024-07-16,Cash on Delivery,Completed,60159.62
1153,1153,2024-01-28,Debit Card,Completed,223987.68
1154,1154,2024-03-17,Debit Card,Completed,91751.45
1155,1155,2025-02-17,Net Banking,Completed,447983.05
1156,1156,2024-02-27,UPI,Completed,24939.62
1157,1157,2024-02-23,Cash on Delivery,Completed,470796.74
1158,1158,2024-09-04,UPI,Completed,72309.81
1159,1159,2024-05-17,Cash on Delivery,Completed,63511.35
1160,1160,2025-11-25,UPI,Completed,57757.47
1161,1161,2025-12-02,Debit Card,Completed,70381.3
1162,1162,2025-04-15,UPI,Completed,75162.69
1163,1163,2025-05-30,Wallet,Completed,257791.68
1164,1164,2024-12-20,Debit Card,Completed,55144.24
1165,1165,2024-08-24,UPI,Completed,33828.06
1166,1166,2025-04-30,Wallet,Failed,235096.81
1167,1167,2024-07-20,Wallet,Completed,56232.89
1168,1168,2024-05-21,Net Banking,Completed,6814.56
1169,1169,2025-04-03,Debit Card,Completed,81744.75
1170,1170,2024-03-08,Net Banking,Completed,139227.35
1171,1171,2024-09-15,Wallet,Completed,103393.11
1172,1172,2025-02-28,UPI,Completed,262317.76
1173,1173,2024-12-21,Wallet,Refunded,226521.17
1174,1174,2025-07-06,Debit Card,Completed,93002.34
1175,1175,2024-12-17,UPI,Completed,40963.06
1176,1176,2025-11-21,Debit Card,Completed,78266.66
1177,1177,2024-07-05,Net Banking,Refunded,27469.55
1178,1178,2025-06-08,Wallet,Completed,110004.49
1179,1179,2024-02-17,Credit Card,Pending,197372.24
1180,1180,2025-03-14,Wallet,Failed,13786.06
1181,1181,2025-11-12,Cash on Delivery,Failed,4558.82
1182,1182,2025-02-04,Credit Card,Completed,139053.89
1183,1183,2024-08-01,Net Banking,Pending,221345.93
1184,1184,2025-06-22,Cash on Delivery,Pending,1383.25
1185,1185,2024-03-05,Debit Card,Completed,313537.97
1186,1186,2024-01-12,UPI,Refunded,182225.8
1187,1187,2025-06-02,Wallet,Completed,86721.94
1188,1188,2025-03-19,Credit Card,Completed,224788.98
1189,1189,2024-10-23,Wallet,Completed,290234.32
1190,1190,2025-01-06,UPI,Completed,270651.36
1191,1191,2025-11-20,Debit Card,Completed,296345.16
1192,1192,2024-01-21,Credit Card,Completed,282511.32
1193,1193,2024-09-25,UPI,Completed,92985.92
1194,1194,2025-01-18,Wallet,Completed,228715.57
1195,1195,2024-08-02,Net Banking,Completed,225486.68
1196,1196,2024-09-06,Net Banking,Completed,160577.99
1197,1197,2024-04-27,Credit Card,Completed,24939.62
1198,1198,2025-01-02,UPI,Completed,52681.51
1199,1199,2025-08-03,Net Banking,Completed,159391.63
1200,1200,2025-07-19,UPI,Completed,275334.38
1201,1201,2024-01-25,Credit Card,Completed,6183.93
1202,1202,2024-01-30,Net Banking,Completed,152548.25
1203,1203,2024-12-29,Net Banking,Completed,115027.81
1204,1204,2025-02-15,Net Banking,Refunded,47254.22
1205,1205,2025-05-09,Net Banking,Completed,149325.07
1206,1206,2024-08-21,Wallet,Completed,170368.46
1207,1207,2025-03-04,Credit Card,Completed,330028.44
1208,1208,2024-08-18,Cash on Delivery,Completed,157708.67
1209,1209,2025-05-22,Wallet,Completed,220421.32
1210,1210,2024-04-10,Net Banking,Completed,26207.2
1211,1211,2025-10-13,Debit Card,Completed,90546.04
1212,1212,2025-09-18,Cash on Delivery,Completed,82563.04
1213,1213,2025-01-07,Debit Card,Completed,59639.77
1214,1214,2024-01-10,Wallet,Completed,173354.85
1215,1215,2024-11-28,Cash on Delivery,Refunded,16927.36
1216,1216,2024-07-28,Debit Card,Completed,94388.48
1217,1217,2025-11-04,Debit Card,Pending,253748.21
1218,1218,2024-05-27,Cash on Delivery,Failed,99008.22
1219,1219,2025-02-04,UPI,Completed,138145.54
1220,1220,2024-11-17,Cash on Delivery,Completed,17867.77
1221,1221,2024-04-12,Wallet,Completed,212289.26
1222,1222,2025-12-13,Debit Card,Completed,9831.37
1223,1223,2025-06-26,UPI,Completed,206727.53
1224,1224,2024-02-25,Wallet,Completed,162604.86
1225,1225,2025-05-21,Wallet,Completed,200690.41
1226,1226,2024-02-21,UPI,Completed,293946.05
1227,1227,2025-01-18,Cash on Delivery,Completed,264178.16
1228,1228,2025-10-04,Credit Card,Completed,154868.22
1229,1229,2025-01-11,Net Banking,Completed,44676.99
1230,1230,2025-01-05,Credit Card,Completed,227964.18
1231,1231,2025-04-27,Cash on Delivery,Failed,27759.53
1232,1232,2025-01-08,Wallet,Completed,23057.81
1233,1233,2024-08-07,Credit Card,Completed,362317.59
1234,1234,2025-03-28,Debit Card,Completed,188503.1
1235,1235,2024-02-11,Cash on Delivery,Completed,192081.85
1236,1236,2025-09-22,Net Banking,Completed,194610.36
1237,1237,2025-04-26,Net Banking,Completed,155349.73
1238,1238,2024-04-24,UPI,Completed,177578.71
1239,1239,2024-03-04,Wallet,Pending,93935.03
1240,1240,2025-11-05,UPI,Completed,165460.88
1241,1241,2025-02-16,Credit Card,Completed,277694.62
1242,1242,2025-12-21,Credit Card,Completed,325399.81
1243,1243,2024-02-26,Credit Card,Completed,21586.92
1244,1244,2024-08-30,Wallet,Completed,183413.86
1245,1245,2024-01-07,Debit Card,Completed,122236.03
1246,1246,2024-07-11,Wallet,Completed,373048.9
1247,1247,2024-02-01,Credit Card,Completed,97399.39
1248,1248,2025-10-05,Cash on Delivery,Completed,85710.84
1249,1249,2025-05-11,Debit Card,Completed,100438.62
1250,1250,2024-08-28,Credit Card,Completed,85928.22
1251,1251,2025-05-20,Debit Card,Completed,57082.0
1252,1252,2024-01-01,UPI,Completed,156957.68
1253,1253,2025-12-26,UPI,Failed,145894.6
1254,1254,2025-11-15,Wallet,Completed,282293.29
1255,1255,2024-01-16,Net Banking,Completed,405410.56
1256,1256,2024-11-26,UPI,Completed,308499.88
1257,1257,2024-01-06,Credit Card,Completed,157471.2
1258,1258,2025-07-03,Credit Card,Failed,92635.43
1259,1259,2025-03-30,Net Banking,Completed,144946.79
1260,1260,2024-08-15,UPI,Refunded,27343.43
1261,1261,2024-11-16,Cash on Delivery,Completed,143054.03
1262,1262,2025-02-09,Wallet,Completed,265668.21
1263,1263,2025-02-07,Net Banking,Completed,169952.65
1264,1264,2025-08-28,Debit Card,Completed,49347.0
1265,1265,2025-11-13,Cash on Delivery,Completed,142493.72
1266,1266,2024-11-20,Net Banking,Completed,384649.29
1267,1267,2025-09-04,Debit Card,Completed,5413.59
1268,1268,2025-05-27,UPI,Completed,157574.88
1269,1269,2025-05-09,Wallet,Completed,2849.26
1270,1270,2024-06-01,Net Banking,Completed,151014.74
1271,1271,2025-03-07,Net Banking,Completed,144967.81
1272,1272,2025-09-17,Cash on Delivery,Completed,65614.96
1273,1273,2024-04-04,Cash on Delivery,Completed,34323.19
1274,1274,2025-06-08,Net Banking,Completed,339718.4
1275,1275,2024-10-13,Wallet,Completed,69155.31
1276,1276,2024-10-29,UPI,Completed,417987.43
1277,1277,2024-01-03,Debit Card,Completed,75844.99
1278,1278,2025-06-08,UPI,Refunded,95881.75
1279,1279,2024-12-29,Debit Card,Completed,74109.12
1280,1280,2025-05-12,Net Banking,Completed,74237.85
1281,1281,2025-12-01,Cash on Delivery,Completed,122276.14
1282,1282,2025-12-24,UPI,Refunded,303831.06
1283,1283,2025-11-02,Credit Card,Completed,287309.82
1284,1284,2025-03-21,Debit Card,Completed,273055.56
1285,1285,2025-02-02,Credit Card,Completed,20180.87
1286,1286,2025-01-16,UPI,Completed,54495.5
1287,1287,2024-03-23,Cash on Delivery,Completed,6286.29
1288,1288,2025-01-04,Debit Card,Completed,133196.82
1289,1289,2024-03-21,Debit Card,Completed,206205.94
1290,1290,2025-09-05,Debit Card,Completed,71512.42
1291,1291,2024-02-07,Wallet,Failed,59976.71
1292,1292,2024-12-11,Debit Card,Completed,89240.68
1293,1293,2025-05-29,Cash on Delivery,Completed,210230.87
1294,1294,2024-06-16,Credit Card,Completed,221012.78
1295,1295,2024-04-22,Cash on Delivery,Completed,70370.82
1296,1296,2025-10-12,Credit Card,Completed,199095.58
1297,1297,2025-10-08,Cash on Delivery,Completed,42085.6
1298,1298,2024-08-28,Credit Card,Failed,194152.51
1299,1299,2024-12-18,Credit Card,Refunded,86265.26
1300,1300,2024-03-24,Net Banking,Completed,317672.98
1301,1301,2025-09-23,Credit Card,Completed,211465.07
1302,1302,2024-09-09,Net Banking,Completed,109814.82
1303,1303,2024-08-02,Debit Card,Completed,233644.9
1304,1304,2024-12-31,Debit Card,Completed,127090.85
1305,1305,2025-03-31,UPI,Completed,430483.14
1306,1306,2025-06-05,Wallet,Completed,245205.65
1307,1307,2025-10-24,UPI,Pending,182002.22
1308,1308,2025-12-13,UPI,Completed,358508.57
1309,1309,2025-09-20,Wallet,Completed,163161.24
1310,1310,2025-09-03,Net Banking,Completed,266116.3
1311,1311,2025-07-12,Credit Card,Completed,66085.43
1312,1312,2024-08-14,UPI,Completed,370198.89
1313,1313,2024-08-25,Debit Card,Completed,207780.57
1314,1314,2025-08-22,Net Banking,Completed,26280.58
1315,1315,2025-06-30,Net Banking,Completed,55307.72
1316,1316,2025-07-14,Wallet,Completed,35478.78
1317,1317,2024-10-21,Net Banking,Completed,39056.98
1318,1318,2025-10-30,Credit Card,Completed,278196.28
1319,1319,2024-10-14,Debit Card,Refunded,119693.29
1320,1320,2025-07-23,Credit Card,Completed,206988.09
1321,1321,2025-08-11,Wallet,Refunded,593414.22
1322,1322,2025-08-12,Net Banking,Completed,84832.42
1323,1323,2024-02-02,UPI,Refunded,350211.06
1324,1324,2025-09-26,Debit Card,Completed,182390.31
1325,1325,2025-11-26,Net Banking,Completed,243321.69
1326,1326,2024-07-28,Debit Card,Pending,402040.69
1327,1327,2025-01-02,Wallet,Completed,25013.22
1328,1328,2025-11-15,Debit Card,Completed,32253.53
1329,1329,2024-04-15,Credit Card,Completed,185155.51
1330,1330,2024-05-25,UPI,Completed,46605.5
1331,1331,2025-04-24,Net Banking,Completed,82532.38
1332,1332,2025-03-25,UPI,Completed,9303.69
1333,1333,2025-03-16,Debit Card,Completed,6814.56
1334,1334,2024-09-23,Net Banking,Completed,146514.76
1335,1335,2024-08-23,Credit Card,Refunded,196200.11
1336,1336,2025-03-29,Debit Card,Completed,301735.99
1337,1337,2024-11-25,Wallet,Completed,4142.05
1338,1338,2025-05-04,Wallet,Completed,81030.82
1339,1339,2025-10-08,UPI,Completed,66433.51
1340,1340,2025-04-15,Cash on Delivery,Completed,127859.62
1341,1341,2024-03-19,Cash on Delivery,Refunded,31897.79
1342,1342,2025-03-13,Cash on Delivery,Refunded,46444.35
1343,1343,2025-03-07,Wallet,Completed,76642.83
1344,1344,2025-08-23,Cash on Delivery,Failed,99424.46
1345,1345,2025-08-12,Cash on Delivery,Completed,171431.77
1346,1346,2024-07-21,Wallet,Completed,51069.47
1347,1347,2025-08-18,Net Banking,Refunded,88650.9
1348,1348,2024-02-08,UPI,Completed,269801.88
1349,1349,2024-09-12,Wallet,Failed,295320.68
1350,1350,2024-06-29,Wallet,Completed,33095.01
1351,1351,2024-08-05,Wallet,Completed,380172.38
1352,1352,2024-08-14,Credit Card,Completed,35676.99
1353,1353,2024-08-21,Credit Card,Completed,139475.72
1354,1354,2024-04-27,Cash on Delivery,Completed,21063.76
1355,1355,2025-10-06,Cash on Delivery,Completed,228539.2
1356,1356,2024-06-04,Wallet,Completed,103030.67
1357,1357,2025-10-12,Cash on Delivery,Completed,100548.23
1358,1358,2024-06-25,Debit Card,Completed,141204.66
1359,1359,2024-06-03,UPI,Completed,122402.19
1360,1360,2024-10-05,Credit Card,Completed,111634.26
1361,1361,2024-09-21,Cash on Delivery,Completed,101285.62
1362,1362,2024-08-06,Credit Card,Completed,393437.16
1363,1363,2025-08-02,Debit Card,Completed,159706.17
1364,1364,2024-08-24,Net Banking,Completed,27415.0
1365,1365,2024-07-23,Debit Card,Completed,352499.23
1366,1366,2025-06-24,Credit Card,Completed,150724.89
1367,1367,2024-11-07,Credit Card,Completed,68498.72
1368,1368,2024-05-14,Net Banking,Completed,105909.25
1369,1369,2024-09-13,Net Banking,Refunded,344965.65
1370,1370,2025-03-25,Wallet,Completed,110417.47
1371,1371,2024-01-31,Debit Card,Completed,238632.22
1372,1372,2024-03-09,Net Banking,Pending,56110.04
1373,1373,2025-07-03,Credit Card,Completed,100407.44
1374,1374,2024-08-07,Cash on Delivery,Completed,4060.2
1375,1375,2024-01-19,UPI,Completed,165341.66
1376,1376,2025-10-06,Wallet,Completed,119863.0
1377,1377,2025-02-25,Debit Card,Completed,189289.4
1378,1378,2024-02-14,Debit Card,Pending,86895.58
1379,1379,2024-08-31,Cash on Delivery,Completed,204969.91
1380,1380,2024-11-16,Cash on Delivery,Completed,116821.46
1381,1381,2025-09-26,Credit Card,Refunded,317722.9
1382,1382,2025-12-25,Cash on Delivery,Completed,253102.17
1383,1383,2025-09-15,Net Banking,Completed,202393.96
1384,1384,2025-06-17,Wallet,Completed,140620.11
1385,1385,2025-11-13,Wallet,Completed,115806.64
1386,1386,2025-04-10,Wallet,Completed,160127.26
1387,1387,2025-09-13,Net Banking,Completed,108097.77
1388,1388,2025-08-23,Debit Card,Completed,187976.69
1389,1389,2025-12-05,Credit Card,Completed,179302.03
1390,1390,2025-06-04,Cash on Delivery,Completed,157702.75
1391,1391,2025-11-16,Cash on Delivery,Completed,6116.29
1392,1392,2025-02-22,Credit Card,Completed,50698.55
1393,1393,2024-05-03,Cash on Delivery,Refunded,58958.4
1394,1394,2024-07-05,Wallet,Completed,421432.56
1395,1395,2025-08-03,Debit Card,Refunded,320254.88
1396,1396,2024-06-04,UPI,Completed,321904.31
1397,1397,2025-09-18,UPI,Completed,139255.23
1398,1398,2024-03-07,Wallet,Failed,230927.03
1399,1399,2024-07-02,Cash on Delivery,Completed,280964.34
1400,1400,2024-08-13,Net Banking,Completed,29618.87
1401,1401,2024-03-02,Cash on Delivery,Completed,12373.54
1402,1402,2024-11-26,Wallet,Completed,86106.75
1403,1403,2024-12-05,Net Banking,Completed,193991.31
1404,1404,2024-07-11,Cash on Delivery,Failed,289007.74
1405,1405,2025-11-08,Debit Card,Completed,82156.0
1406,1406,2025-12-24,Debit Card,Completed,173977.13
1407,1407,2024-03-05,Credit Card,Failed,72362.11
1408,1408,2024-02-13,Cash on Delivery,Completed,226407.18
1409,1409,2025-01-10,Wallet,Completed,347817.86
1410,1410,2025-04-28,UPI,Completed,99919.55
1411,1411,2025-11-18,Net Banking,Refunded,179962.66
1412,1412,2025-05-12,Wallet,Completed,234156.5
1413,1413,2025-08-02,UPI,Completed,162112.86
1414,1414,2025-05-29,Debit Card,Completed,70539.79
1415,1415,2025-07-08,Net Banking,Refunded,194983.38
1416,1416,2024-03-05,Net Banking,Completed,269251.14
1417,1417,2025-11-14,Debit Card,Pending,201062.33
1418,1418,2025-01-20,Credit Card,Completed,20843.09
1419,1419,2025-12-01,Credit Card,Completed,159356.28
1420,1420,2024-09-11,Credit Card,Completed,81765.15
1421,1421,2024-06-11,Credit Card,Completed,26789.88
1422,1422,2024-01-18,Wallet,Completed,468270.71
1423,1423,2025-02-14,Wallet,Completed,294307.53
1424,1424,2025-04-20,Credit Card,Completed,30494.66
1425,1425,2024-11-01,Credit Card,Completed,12889.14
1426,1426,2024-01-12,UPI,Completed,222264.0
1427,1427,2024-08-17,UPI,Completed,193909.01
1428,1428,2024-01-16,UPI,Completed,16945.7
1429,1429,2025-05-02,Net Banking,Completed,181516.83
1430,1430,2025-11-14,Debit Card,Failed,1424.63
1431,1431,2025-02-18,Cash on Delivery,Completed,257687.3
1432,1432,2025-02-16,Cash on Delivery,Completed,103121.16
1433,1433,2024-11-11,Cash on Delivery,Completed,153920.38
1434,1434,2024-11-09,Wallet,Completed,39166.77
1435,1435,2025-05-17,Cash on Delivery,Completed,59063.24
1436,1436,2025-07-17,Cash on Delivery,Completed,232860.65
1437,1437,2025-01-28,Wallet,Completed,193368.98
1438,1438,2025-06-12,Debit Card,Completed,91929.04
1439,1439,2024-07-18,Net Banking,Completed,190579.8
1440,1440,2025-11-13,Credit Card,Completed,4220.82
1441,1441,2024-12-15,Debit Card,Completed,264491.53
1442,1442,2024-10-31,Credit Card,Completed,36686.14
1443,1443,2024-07-31,Wallet,Completed,8751.29
1444,1444,2025-05-16,Wallet,Completed,138120.46
1445,1445,2025-08-03,Debit Card,Completed,345002.47
1446,1446,2025-05-13,Debit Card,Completed,33141.49
1447,1447,2025-04-21,UPI,Completed,365782.94
1448,1448,2025-12-03,UPI,Completed,77560.42
1449,1449,2025-06-20,Cash on Delivery,Completed,87705.06
1450,1450,2024-06-22,Debit Card,Completed,84165.99
1451,1451,2024-11-06,Cash on Delivery,Completed,117083.49
1452,1452,2024-09-24,Debit Card,Completed,58888.62
1453,1453,2025-03-17,Net Banking,Completed,214155.96
1454,1454,2025-08-12,Debit Card,Completed,161747.23
1455,1455,2025-05-31,UPI,Failed,213672.96
1456,1456,2024-12-11,Net Banking,Completed,123299.55
1457,1457,2025-05-08,Net Banking,Completed,40882.58
1458,1458,2025-11-25,Credit Card,Completed,162098.04
1459,1459,2025-02-15,Credit Card,Completed,22048.46
1460,1460,2025-03-28,Net Banking,Completed,304667.69
1461,1461,2024-09-29,Cash on Delivery,Completed,99956.69
1462,1462,2024-03-24,Cash on Delivery,Completed,100421.77
1463,1463,2025-12-30,Net Banking,Completed,54214.71
1464,1464,2024-01-04,Wallet,Refunded,442924.42
1465,1465,2024-01-16,Credit Card,Completed,17610.95
1466,1466,2025-06-07,Cash on Delivery,Completed,166635.73
1467,1467,2025-06-04,Wallet,Completed,276977.43
1468,1468,2025-12-13,Debit Card,Pending,121886.73
1469,1469,2025-12-21,UPI,Completed,60256.24
1470,1470,2025-11-09,UPI,Completed,49859.53
1471,1471,2024-04-14,UPI,Failed,4915.69
1472,1472,2025-01-12,Debit Card,Completed,85582.86
1473,1473,2025-11-07,Net Banking,Completed,217653.76
1474,1474,2024-08-17,Debit Card,Completed,303626.39
1475,1475,2024-04-08,Cash on Delivery,Completed,165935.55
1476,1476,2024-04-15,Wallet,Completed,396980.99
1477,1477,2025-05-31,UPI,Completed,8023.72
1478,1478,2024-10-02,Wallet,Completed,79395.81
1479,1479,2025-08-18,Credit Card,Completed,12207.08
1480,1480,2025-02-05,Wallet,Failed,132380.03
1481,1481,2025-01-08,Cash on Delivery,Completed,98991.1
1482,1482,2025-09-25,Debit Card,Completed,236672.5
1483,1483,2024-10-17,Wallet,Completed,160052.8
1484,1484,2025-01-14,Cash on Delivery,Completed,252635.54
1485,1485,2025-04-27,Net Banking,Completed,42259.09
1486,1486,2024-06-09,Cash on Delivery,Completed,132830.38
1487,1487,2024-09-10,Cash on Delivery,Failed,278132.22
1488,1488,2024-06-02,Credit Card,Completed,86938.03
1489,1489,2025-01-26,Debit Card,Refunded,267982.2
1490,1490,2024-04-13,Net Banking,Completed,53156.88
1491,1491,2025-01-22,Net Banking,Completed,104177.0
1492,1492,2025-01-07,Credit Card,Completed,111257.14
1493,1493,2024-12-30,Wallet,Failed,77248.86
1494,1494,2024-09-07,Wallet,Completed,73123.71
1495,1495,2024-12-29,Debit Card,Completed,230073.28
1496,1496,2024-02-23,Net Banking,Pending,172144.68
1497,1497,2024-05-19,Debit Card,Completed,146666.53
1498,1498,2024-05-09,UPI,Completed,501759.22
1499,1499,2024-06-03,Credit Card,Refunded,99774.45
1500,1500,2025-10-02,UPI,Completed,161081.37
1501,1501,2024-11-07,Net Banking,Refunded,122774.72
1502,1502,2025-11-21,Cash on Delivery,Completed,306983.59
1503,1503,2024-02-20,UPI,Completed,152867.92
1504,1504,2025-12-24,Credit Card,Completed,178003.92
1505,1505,2024-03-18,Cash on Delivery,Completed,177643.62
1506,1506,2024-08-18,Net Banking,Completed,283147.26
1507,1507,2025-05-24,Wallet,Completed,41906.8
1508,1508,2024-09-10,Cash on Delivery,Refunded,77125.3
1509,1509,2024-12-29,Debit Card,Completed,429761.42
1510,1510,2024-11-11,Credit Card,Refunded,319602.87
1511,1511,2025-11-29,Wallet,Completed,282608.99
1512,1512,2025-01-16,Net Banking,Completed,39062.74
1513,1513,2024-02-25,Wallet,Completed,67602.5
1514,1514,2024-02-10,Wallet,Completed,42804.94
1515,1515,2024-12-28,Cash on Delivery,Completed,146228.21
1516,1516,2024-03-04,Net Banking,Pending,337615.68
1517,1517,2025-03-01,UPI,Completed,57822.79
1518,1518,2024-09-28,Net Banking,Completed,78620.02
1519,1519,2024-06-10,Wallet,Completed,112523.22
1520,1520,2025-12-26,Wallet,Refunded,26789.88
1521,1521,2025-12-17,Net Banking,Pending,18310.62
1522,1522,2024-02-29,Wallet,Refunded,48645.96
1523,1523,2024-06-23,Wallet,Completed,97425.44
1524,1524,2024-03-12,Wallet,Completed,244446.14
1525,1525,2024-09-05,Net Banking,Completed,52960.9
1526,1526,2025-06-06,UPI,Completed,74291.37
1527,1527,2025-09-15,Cash on Delivery,Completed,62026.98
1528,1528,2025-01-30,UPI,Completed,97747.47
1529,1529,2024-12-28,Cash on Delivery,Completed,231607.23
1530,1530,2024-04-29,UPI,Completed,171731.96
1531,1531,2024-07-11,Net Banking,Completed,252155.29
1532,1532,2025-11-09,Wallet,Completed,255415.69
1533,1533,2025-02-17,UPI,Completed,70437.12
1534,1534,2024-07-02,Wallet,Completed,251887.79
1535,1535,2024-03-07,Wallet,Completed,105018.14
1536,1536,2024-06-11,Wallet,Completed,236182.94
1537,1537,2024-08-17,UPI,Completed,113921.76
1538,1538,2025-08-04,Cash on Delivery,Completed,135922.04
1539,1539,2025-04-20,Debit Card,Completed,218417.92
1540,1540,2024-12-18,UPI,Completed,174410.54
1541,1541,2025-01-08,Wallet,Completed,30632.4
1542,1542,2025-04-13,Net Banking,Completed,47527.15
1543,1543,2024-03-31,Wallet,Completed,40356.73
1544,1544,2024-08-17,Credit Card,Completed,7232.65
1545,1545,2024-10-03,Wallet,Completed,99175.3
1546,1546,2024-11-19,Net Banking,Failed,167880.22
1547,1547,2024-04-10,Net Banking,Completed,27784.61
1548,1548,2024-12-18,Credit Card,Completed,290233.06
1549,1549,2024-06-26,Credit Card,Refunded,235583.54
1550,1550,2024-09-25,Debit Card,Pending,126948.38
1551,1551,2025-11-24,Net Banking,Completed,20085.41
1552,1552,2025-02-04,Wallet,Completed,233844.09
1553,1553,2025-08-29,UPI,Completed,24592.52
1554,1554,2024-08-03,Wallet,Refunded,2421.87
1555,1555,2024-10-16,Credit Card,Completed,77414.51
1556,1556,2025-12-07,UPI,Pending,385840.9
1557,1557,2024-04-29,Net Banking,Completed,100471.02
1558,1558,2024-03-28,Net Banking,Completed,74544.15
1559,1559,2024-07-26,Credit Card,Failed,215791.18
1560,1560,2025-10-27,UPI,Refunded,142517.65
1561,1561,2024-10-13,Credit Card,Completed,102851.25
1562,1562,2024-11-04,Debit Card,Completed,306545.65
1563,1563,2024-01-24,Cash on Delivery,Completed,55935.36
1564,1564,2025-04-20,UPI,Completed,273754.56
1565,1565,2024-04-26,Debit Card,Completed,257539.91
1566,1566,2024-09-27,Cash on Delivery,Completed,258784.93
1567,1567,2025-06-18,Net Banking,Completed,141257.89
1568,1568,2025-01-30,Credit Card,Failed,1424.63
1569,1569,2025-01-29,Wallet,Completed,105341.28
1570,1570,2024-02-23,Debit Card,Completed,99252.26
1571,1571,2024-03-14,Cash on Delivery,Completed,272574.81
1572,1572,2025-09-04,Debit Card,Completed,93038.77
1573,1573,2024-06-11,Wallet,Completed,47897.87
1574,1574,2025-03-09,Net Banking,Pending,81558.21
1575,1575,2025-05-17,Cash on Delivery,Refunded,189267.78
1576,1576,2024-08-05,UPI,Failed,166134.41
1577,1577,2025-02-12,Wallet,Completed,226029.94
1578,1578,2025-10-26,Debit Card,Completed,61483.58
1579,1579,2025-06-03,Net Banking,Completed,110290.28
1580,1580,2025-11-01,Debit Card,Completed,108105.82
1581,1581,2024-08-23,UPI,Completed,195737.45
1582,1582,2025-07-16,Net Banking,Completed,149750.68
1583,1583,2025-07-14,Debit Card,Completed,251081.51
1584,1584,2025-03-08,Net Banking,Completed,136733.79
1585,1585,2024-08-20,Debit Card,Completed,80999.59
1586,1586,2025-11-27,Net Banking,Completed,201745.89
1587,1587,2025-10-10,Debit Card,Completed,212558.94
1588,1588,2025-12-29,Wallet,Completed,293229.83
1589,1589,2025-01-14,Wallet,Completed,94099.15
1590,1590,2025-08-07,Debit Card,Completed,20752.08
1591,1591,2025-06-17,UPI,Completed,132823.75
1592,1592,2024-11-08,UPI,Completed,96165.64
1593,1593,2025-01-08,Cash on Delivery,Completed,108121.79
1594,1594,2025-01-04,Credit Card,Completed,228355.47
1595,1595,2025-06-01,Credit Card,Completed,230938.17
1596,1596,2024-10-14,Net Banking,Completed,84421.22
1597,1597,2024-01-25,Credit Card,Completed,162787.77
1598,1598,2024-12-12,Net Banking,Refunded,55420.36
1599,1599,2024-01-23,UPI,Completed,97295.07
1600,1600,2024-11-13,Debit Card,Completed,7310.32
1601,1601,2024-07-02,Credit Card,Refunded,344142.14
1602,1602,2024-11-15,Wallet,Completed,251263.32
1603,1603,2025-03-01,Credit Card,Completed,146403.01
1604,1604,2025-10-26,Debit Card,Completed,102534.47
1605,1605,2024-11-25,UPI,Failed,170091.17
1606,1606,2025-01-17,Credit Card,Completed,206330.96
1607,1607,2025-09-21,Wallet,Completed,50456.66
1608,1608,2025-04-11,Wallet,Completed,122220.39
1609,1609,2024-01-17,UPI,Completed,165762.84
1610,1610,2025-01-27,Debit Card,Completed,266623.8
1611,1611,2025-12-05,Credit Card,Completed,429228.35
1612,1612,2025-12-27,Cash on Delivery,Completed,25594.68
1613,1613,2025-07-31,Debit Card,Refunded,62598.87
1614,1614,2025-03-24,Cash on Delivery,Refunded,369172.94
1615,1615,2025-04-23,Wallet,Completed,453779.82
1616,1616,2025-06-14,Credit Card,Completed,182538.57
1617,1617,2025-05-26,Wallet,Completed,66328.3
1618,1618,2025-11-02,Cash on Delivery,Completed,122269.77
1619,1619,2024-03-17,Cash on Delivery,Completed,220278.16
1620,1620,2024-02-21,Wallet,Completed,159650.82
1621,1621,2024-02-28,Debit Card,Pending,246856.72
1622,1622,2025-02-07,UPI,Completed,141428.49
1623,1623,2024-07-25,Wallet,Completed,246399.73
1624,1624,2024-03-26,Debit Card,Completed,160916.9
1625,1625,2024-05-09,Net Banking,Completed,140538.98
1626,1626,2024-05-29,Net Banking,Completed,70431.81
1627,1627,2024-03-19,Debit Card,Completed,175932.69
1628,1628,2025-06-28,Net Banking,Completed,10602.49
1629,1629,2024-05-20,Wallet,Completed,96981.99
1630,1630,2024-11-24,Credit Card,Completed,302351.37
1631,1631,2025-05-26,Credit Card,Completed,60461.69
1632,1632,2024-11-24,UPI,Completed,194036.58
1633,1633,2025-02-20,Wallet,Completed,115555.7
1634,1634,2025-05-11,Cash on Delivery,Completed,146066.72
1635,1635,2025-12-15,Credit Card,Completed,45395.09
1636,1636,2024-05-14,UPI,Completed,28116.45
1637,1637,2024-09-01,Wallet,Completed,70897.85
1638,1638,2024-06-09,UPI,Pending,108951.61
1639,1639,2025-03-16,UPI,Completed,142395.94
1640,1640,2025-02-11,Credit Card,Completed,176214.08
1641,1641,2025-12-14,Wallet,Completed,115247.36
1642,1642,2025-06-18,Cash on Delivery,Completed,14152.16
1643,1643,2024-02-20,Debit Card,Completed,69174.16
1644,1644,2024-10-09,Cash on Delivery,Completed,170577.86
1645,1645,2025-01-29,UPI,Completed,145368.35
1646,1646,2025-07-25,Debit Card,Pending,34910.07
1647,1647,2024-12-15,UPI,Completed,173299.81
1648,1648,2025-06-10,UPI,Completed,153380.97
1649,1649,2025-09-17,UPI,Completed,6473.83
1650,1650,2024-05-22,Cash on Delivery,Completed,132182.5
1651,1651,2024-09-06,Net Banking,Completed,238155.92
1652,1652,2024-05-17,Net Banking,Completed,193789.04
1653,1653,2025-09-11,Debit Card,Completed,221553.13
1654,1654,2024-01-24,Debit Card,Completed,34718.86
1655,1655,2025-11-29,Debit Card,Completed,4629.35
1656,1656,2025-12-02,Credit Card,Completed,86593.76
1657,1657,2024-07-25,Cash on Delivery,Completed,247879.81
1658,1658,2025-05-17,Wallet,Completed,245719.12
1659,1659,2024-11-06,Credit Card,Completed,374483.92
1660,1660,2025-08-01,Net Banking,Completed,223632.22
1661,1661,2025-12-31,Wallet,Completed,298730.75
1662,1662,2025-08-13,Debit Card,Completed,161552.12
1663,1663,2024-06-05,Credit Card,Completed,46766.64
1664,1664,2024-10-23,Cash on Delivery,Completed,200354.54
1665,1665,2024-08-01,Net Banking,Completed,132348.34
1666,1666,2024-01-06,Debit Card,Completed,12473.52
1667,1667,2025-03-27,Debit Card,Completed,209842.83
1668,1668,2025-10-17,UPI,Completed,121046.26
1669,1669,2025-10-26,UPI,Completed,111603.32
1670,1670,2025-12-26,UPI,Refunded,70503.25
1671,1671,2024-03-04,Credit Card,Completed,15373.44
1672,1672,2024-02-24,Credit Card,Completed,152887.8
1673,1673,2025-08-15,Credit Card,Completed,137980.94
1674,1674,2024-11-22,UPI,Completed,50456.66
1675,1675,2025-01-25,Wallet,Completed,29582.52
1676,1676,2024-12-12,Cash on Delivery,Completed,245658.29
1677,1677,2025-12-30,Debit Card,Completed,381105.23
1678,1678,2024-01-11,UPI,Completed,139920.79
1679,1679,2025-02-09,Debit Card,Completed,65796.0
1680,1680,2025-11-17,Wallet,Completed,2602.42
1681,1681,2025-01-15,Wallet,Completed,36511.92
1682,1682,2024-07-07,Credit Card,Failed,205200.53
1683,1683,2024-01-03,Cash on Delivery,Completed,141279.79
1684,1684,2025-11-15,Cash on Delivery,Completed,164688.95
1685,1685,2025-09-15,Credit Card,Completed,71420.41
1686,1686,2025-08-25,Cash on Delivery,Completed,91048.44
1687,1687,2025-03-27,Net Banking,Completed,66282.98
1688,1688,2024-05-29,Debit Card,Completed,151005.65
1689,1689,2024-02-14,Credit Card,Completed,69351.08
1690,1690,2025-09-05,Net Banking,Completed,74553.81
1691,1691,2024-03-17,UPI,Completed,22274.56
1692,1692,2024-02-20,UPI,Completed,38857.99
1693,1693,2025-09-07,Debit Card,Refunded,35412.39
1694,1694,2024-01-14,Wallet,Completed,122805.06
1695,1695,2025-01-09,Cash on Delivery,Completed,27196.51
1696,1696,2024-04-04,Debit Card,Completed,3534.16
1697,1697,2025-02-21,Debit Card,Completed,204231.31
1698,1698,2025-06-18,Credit Card,Completed,191614.0
1699,1699,2025-07-13,UPI,Completed,55875.73
1700,1700,2025-01-14,Debit Card,Completed,295951.73
1701,1701,2024-05-14,Credit Card,Refunded,174943.2
1702,1702,2025-04-23,Credit Card,Completed,7575.12
1703,1703,2025-10-15,Cash on Delivery,Completed,62508.42
1704,1704,2025-11-26,Debit Card,Completed,192738.96
1705,1705,2024-12-22,Credit Card,Completed,327658.6
1706,1706,2024-06-27,Cash on Delivery,Completed,27415.0
1707,1707,2025-04-28,Credit Card,Refunded,56880.69
1708,1708,2025-06-27,Cash on Delivery,Completed,29582.52
1709,1709,2024-12-12,Credit Card,Completed,16980.22
1710,1710,2024-04-18,Cash on Delivery,Completed,44281.72
1711,1711,2024-07-27,Debit Card,Completed,82001.61
1712,1712,2025-01-09,UPI,Completed,92901.57
1713,1713,2025-03-09,Credit Card,Completed,220834.77
1714,1714,2025-06-12,UPI,Completed,224396.95
1715,1715,2025-10-17,Net Banking,Completed,20091.37
1716,1716,2025-01-17,Net Banking,Completed,380670.85
1717,1717,2024-06-13,Debit Card,Completed,103803.65
1718,1718,2025-09-07,Net Banking,Refunded,214708.92
1719,1719,2024-08-10,Debit Card,Completed,141867.95
1720,1720,2025-06-09,Credit Card,Completed,193053.54
1721,1721,2024-05-27,Debit Card,Refunded,27155.96
1722,1722,2025-01-14,Net Banking,Completed,139295.22
1723,1723,2024-09-21,Debit Card,Completed,7663.8
1724,1724,2024-05-12,Wallet,Failed,241099.41
1725,1725,2024-04-24,UPI,Completed,68958.94
1726,1726,2025-08-05,Net Banking,Completed,26846.78
1727,1727,2024-01-16,Credit Card,Completed,32416.0
1728,1728,2024-12-07,Credit Card,Failed,14620.64
1729,1729,2025-11-03,Cash on Delivery,Completed,47354.02
1730,1730,2025-10-01,Credit Card,Completed,183247.39
1731,1731,2024-09-28,Wallet,Completed,34629.21
1732,1732,2025-06-28,Wallet,Completed,56556.41
1733,1733,2024-07-08,Debit Card,Completed,337225.98
1734,1734,2025-01-26,Debit Card,Pending,231780.21
1735,1735,2024-01-03,Debit Card,Completed,116143.02
1736,1736,2024-08-12,UPI,Completed,104846.84
1737,1737,2025-03-24,Cash on Delivery,Completed,30394.73
1738,1738,2025-03-10,Debit Card,Completed,328078.09
1739,1739,2024-05-16,Net Banking,Completed,99048.53
1740,1740,2024-06-22,Net Banking,Completed,344313.74
1741,1741,2024-08-12,UPI,Refunded,57134.89
1742,1742,2025-08-29,Net Banking,Completed,229137.05
1743,1743,2025-02-25,Cash on Delivery,Completed,261636.75
1744,1744,2025-08-27,UPI,Completed,126804.61
1745,1745,2024-08-04,UPI,Pending,238845.63
1746,1746,2024-01-31,Debit Card,Completed,113494.27
1747,1747,2025-10-02,UPI,Completed,58533.98
1748,1748,2024-03-22,Wallet,Failed,14391.28
1749,1749,2024-10-06,Net Banking,Completed,52262.23
1750,1750,2025-02-08,Net Banking,Completed,174554.7
1751,1751,2025-09-07,Net Banking,Refunded,124836.09
1752,1752,2025-04-23,Wallet,Completed,94235.93
1753,1753,2025-01-20,Credit Card,Completed,166088.45
1754,1754,2024-04-18,Credit Card,Pending,45013.29
1755,1755,2024-02-02,Wallet,Completed,8441.64
1756,1756,2024-11-05,UPI,Completed,119066.12
1757,1757,2024-08-28,Net Banking,Refunded,417537.71
1758,1758,2024-05-07,UPI,Completed,105164.65
1759,1759,2024-05-02,UPI,Completed,159122.65
1760,1760,2025-12-25,Debit Card,Completed,269369.57
1761,1761,2025-10-24,Wallet,Completed,97492.76
1762,1762,2025-04-19,Wallet,Completed,49282.11
1763,1763,2024-12-29,Wallet,Pending,169930.77
1764,1764,2025-01-27,Credit Card,Completed,261639.61
1765,1765,2025-08-28,Cash on Delivery,Refunded,140957.43
1766,1766,2024-12-01,Credit Card,Completed,89520.45
1767,1767,2025-08-01,Credit Card,Completed,173518.9
1768,1768,2025-09-24,Cash on Delivery,Completed,210507.93
1769,1769,2025-07-22,Credit Card,Completed,383497.89
1770,1770,2024-07-30,Wallet,Completed,65086.22
1771,1771,2025-01-20,Debit Card,Completed,293548.15
1772,1772,2025-12-28,Wallet,Completed,118635.05
1773,1773,2024-07-17,Net Banking,Completed,95609.51
1774,1774,2024-12-17,Wallet,Completed,272847.73
1775,1775,2025-09-19,Cash on Delivery,Completed,65926.36
1776,1776,2024-01-15,Net Banking,Completed,212965.91
1777,1777,2025-03-28,Debit Card,Completed,232471.08
1778,1778,2024-04-07,Cash on Delivery,Completed,21102.02
1779,1779,2024-10-27,Wallet,Completed,104822.97
1780,1780,2025-07-08,Net Banking,Completed,104047.8
1781,1781,2025-03-07,Credit Card,Completed,149777.9
1782,1782,2025-10-02,UPI,Pending,115502.78
1783,1783,2024-03-25,Credit Card,Pending,227360.2
1784,1784,2024-11-10,UPI,Completed,208652.48
1785,1785,2025-07-12,Wallet,Completed,198898.54
1786,1786,2024-03-02,Debit Card,Completed,12026.57
1787,1787,2025-07-20,Cash on Delivery,Completed,24841.61
1788,1788,2025-06-21,Net Banking,Completed,47305.04
1789,1789,2025-06-14,Cash on Delivery,Completed,60542.61
1790,1790,2024-06-22,Debit Card,Completed,242732.0
1791,1791,2025-07-17,Net Banking,Refunded,52597.01
1792,1792,2025-04-22,Wallet,Completed,18029.2
1793,1793,2025-01-03,Debit Card,Completed,284031.94
1794,1794,2025-05-02,Cash on Delivery,Completed,53993.89
1795,1795,2024-04-14,Net Banking,Refunded,78466.49
1796,1796,2024-02-07,Debit Card,Completed,33691.04
1797,1797,2025-12-23,Wallet,Completed,196742.3
1798,1798,2024-09-16,Net Banking,Completed,136242.96
1799,1799,2025-12-16,UPI,Completed,247222.26
1800,1800,2025-06-13,Net Banking,Completed,200099.04
1801,1801,2024-02-21,Wallet,Completed,111962.63
1802,1802,2024-01-02,UPI,Pending,234232.18
1803,1803,2024-07-01,Credit Card,Completed,279449.78
1804,1804,2025-07-15,Credit Card,Completed,144769.67
1805,1805,2024-01-20,Net Banking,Completed,353300.15
1806,1806,2025-12-25,Cash on Delivery,Completed,252600.72
1807,1807,2024-07-21,Cash on Delivery,Completed,141814.44
1808,1808,2024-04-27,Cash on Delivery,Completed,278349.25
1809,1809,2025-07-07,UPI,Completed,142787.37
1810,1810,2025-02-09,Credit Card,Completed,128245.85
1811,1811,2024-08-09,Cash on Delivery,Completed,2436.5
1812,1812,2024-04-29,UPI,Completed,196087.22
1813,1813,2025-09-11,Wallet,Completed,92497.86
1814,1814,2025-08-23,Net Banking,Completed,210031.01
1815,1815,2024-12-23,Credit Card,Completed,36813.48
1816,1816,2025-05-10,Debit Card,Completed,17063.12
1817,1817,2025-09-14,Cash on Delivery,Refunded,182240.2
1818,1818,2025-05-05,UPI,Completed,56518.19
1819,1819,2025-01-06,Net Banking,Completed,11586.54
1820,1820,2025-04-16,Credit Card,Completed,191849.77
1821,1821,2024-06-21,Debit Card,Completed,95502.71
1822,1822,2025-06-16,Net Banking,Completed,185738.25
1823,1823,2024-06-04,Debit Card,Refunded,123844.56
1824,1824,2024-11-13,Net Banking,Completed,126880.88
1825,1825,2024-08-29,Net Banking,Completed,245962.73
1826,1826,2025-03-31,Wallet,Completed,277550.69
1827,1827,2025-12-21,Credit Card,Completed,51425.65
1828,1828,2025-05-25,Credit Card,Completed,32106.27
1829,1829,2025-09-17,Debit Card,Refunded,356102.82
1830,1830,2024-03-19,Credit Card,Refunded,145599.77
1831,1831,2025-09-23,UPI,Completed,81230.45
1832,1832,2025-05-07,UPI,Completed,240993.45
1833,1833,2024-08-23,Credit Card,Completed,335935.09
1834,1834,2024-04-11,Credit Card,Completed,304050.03
1835,1835,2024-11-22,UPI,Completed,51540.97
1836,1836,2024-06-06,Credit Card,Completed,272134.09
1837,1837,2025-04-12,Debit Card,Completed,231829.21
1838,1838,2024-03-21,Credit Card,Failed,126405.18
1839,1839,2025-09-14,Net Banking,Completed,3289.28
1840,1840,2024-05-23,UPI,Completed,195919.52
1841,1841,2024-07-19,Cash on Delivery,Completed,24692.11
1842,1842,2024-08-26,Wallet,Refunded,58959.87
1843,1843,2025-04-18,Cash on Delivery,Completed,334117.35
1844,1844,2024-09-07,Wallet,Completed,150482.99
1845,1845,2024-05-10,Credit Card,Completed,382622.52
1846,1846,2024-05-26,Net Banking,Completed,91618.13
1847,1847,2024-12-11,Cash on Delivery,Completed,46380.17
1848,1848,2024-07-18,Credit Card,Refunded,363373.57
1849,1849,2025-11-01,UPI,Completed,14848.25
1850,1850,2024-08-16,Debit Card,Completed,135304.51
1851,1851,2025-09-09,Debit Card,Completed,165690.02
1852,1852,2024-04-02,Credit Card,Completed,72200.75
1853,1853,2024-11-02,Credit Card,Completed,54809.13
1854,1854,2025-10-05,Cash on Delivery,Completed,115981.52
1855,1855,2025-02-23,Wallet,Completed,268177.55
1856,1856,2025-05-17,Cash on Delivery,Completed,259976.8
1857,1857,2024-11-27,Net Banking,Completed,38786.19
1858,1858,2025-02-27,Credit Card,Refunded,46920.86
1859,1859,2025-08-16,Cash on Delivery,Completed,250912.65
1860,1860,2025-09-30,Net Banking,Completed,78298.55
1861,1861,2024-04-24,Debit Card,Completed,90399.07
1862,1862,2024-01-27,UPI,Pending,217499.26
1863,1863,2025-04-26,Cash on Delivery,Completed,105035.3
1864,1864,2024-03-22,Cash on Delivery,Completed,367029.92
1865,1865,2024-02-28,Wallet,Completed,267071.33
1866,1866,2025-11-22,Cash on Delivery,Completed,108783.58
1867,1867,2025-07-08,Debit Card,Completed,240841.4
1868,1868,2025-12-28,Net Banking,Completed,298285.82
1869,1869,2024-07-27,Net Banking,Completed,104540.87
1870,1870,2025-09-19,Debit Card,Completed,43103.61
1871,1871,2024-12-12,Credit Card,Completed,72993.16
1872,1872,2025-06-14,Net Banking,Completed,241068.1
1873,1873,2024-10-20,Wallet,Completed,296175.97
1874,1874,2024-10-19,Credit Card,Completed,201206.4
1875,1875,2025-01-19,Wallet,Completed,330381.05
1876,1876,2025-12-14,Net Banking,Completed,352968.67
1877,1877,2024-09-07,Cash on Delivery,Completed,244568.42
1878,1878,2024-04-09,Wallet,Completed,351117.85
1879,1879,2024-03-06,UPI,Completed,169499.89
1880,1880,2024-05-04,Wallet,Completed,320608.14
1881,1881,2025-08-04,UPI,Completed,86910.8
1882,1882,2025-03-24,Net Banking,Completed,43039.2
1883,1883,2025-02-19,Credit Card,Completed,254334.67
1884,1884,2024-09-08,Cash on Delivery,Completed,530352.33
1885,1885,2025-01-05,Debit Card,Completed,511052.58
1886,1886,2024-11-24,Credit Card,Completed,221392.48
1887,1887,2024-07-15,Debit Card,Completed,73541.63
1888,1888,2024-02-22,Net Banking,Completed,261520.88
1889,1889,2025-08-12,Wallet,Completed,173536.45
1890,1890,2025-03-18,UPI,Completed,248628.88
1891,1891,2024-08-19,Net Banking,Completed,280626.82
1892,1892,2024-09-08,Wallet,Completed,199260.71
1893,1893,2025-10-26,Debit Card,Completed,187272.02
1894,1894,2025-05-12,UPI,Completed,70848.69
1895,1895,2024-04-06,Net Banking,Completed,80024.53
1896,1896,2024-06-02,Net Banking,Pending,164607.2
1897,1897,2025-07-22,Credit Card,Completed,479338.78
1898,1898,2024-02-22,Wallet,Completed,119066.12
1899,1899,2024-11-20,Cash on Delivery,Completed,83661.13
1900,1900,2025-09-26,UPI,Completed,309326.27
1901,1901,2024-05-24,Cash on Delivery,Completed,388877.84
1902,1902,2024-09-23,Debit Card,Completed,146384.23
1903,1903,2025-11-05,Wallet,Completed,252538.47
1904,1904,2024-10-30,UPI,Refunded,60193.91
1905,1905,2024-02-19,Wallet,Pending,140105.18
1906,1906,2025-01-02,UPI,Failed,65422.77
1907,1907,2025-11-04,Cash on Delivery,Completed,215276.9
1908,1908,2024-11-17,UPI,Completed,202940.88
1909,1909,2025-04-26,UPI,Completed,58509.07
1910,1910,2024-06-05,Wallet,Completed,56566.55
1911,1911,2025-04-16,Wallet,Completed,305495.93
1912,1912,2024-01-05,Debit Card,Completed,128434.5
1913,1913,2024-01-05,Debit Card,Completed,122077.65
1914,1914,2024-11-10,Wallet,Completed,62561.15
1915,1915,2024-07-20,UPI,Pending,223736.94
1916,1916,2024-08-15,UPI,Refunded,55701.75
1917,1917,2025-10-30,Debit Card,Completed,44330.85
1918,1918,2025-12-07,Credit Card,Completed,14620.64
1919,1919,2024-08-20,Net Banking,Completed,23987.88
1920,1920,2024-04-10,Cash on Delivery,Completed,519712.18
1921,1921,2024-12-26,Debit Card,Completed,220774.51
1922,1922,2024-07-19,Net Banking,Refunded,101395.47
1923,1923,2024-08-18,Wallet,Completed,261607.04
1924,1924,2024-05-16,Wallet,Completed,72712.82
1925,1925,2025-09-09,Debit Card,Completed,269313.72
1926,1926,2024-11-16,Net Banking,Completed,135615.82
1927,1927,2024-02-03,Debit Card,Completed,234781.56
1928,1928,2025-08-19,Credit Card,Completed,199802.98
1929,1929,2024-10-26,Credit Card,Completed,446501.37
1930,1930,2024-11-15,Wallet,Completed,68216.47
1931,1931,2025-01-14,UPI,Completed,42621.05
1932,1932,2025-01-07,UPI,Completed,300290.78
1933,1933,2024-11-09,UPI,Completed,177204.95
1934,1934,2024-06-22,Wallet,Refunded,100934.93
1935,1935,2025-01-30,Wallet,Completed,118408.53
1936,1936,2025-06-05,Wallet,Completed,143588.9
1937,1937,2025-05-02,Wallet,Completed,156100.14
1938,1938,2024-10-29,Debit Card,Completed,348868.74
1939,1939,2024-05-12,Debit Card,Failed,12471.1
1940,1940,2025-07-29,UPI,Completed,57546.94
1941,1941,2025-03-11,Debit Card,Completed,179331.89
1942,1942,2025-05-13,Net Banking,Completed,309487.22
1943,1943,2024-08-30,UPI,Completed,205431.57
1944,1944,2024-02-25,Net Banking,Completed,98532.98
1945,1945,2024-04-01,Cash on Delivery,Completed,363017.18
1946,1946,2025-10-03,UPI,Pending,4142.05
1947,1947,2024-07-20,Wallet,Completed,130373.82
1948,1948,2024-10-15,UPI,Completed,348069.26
1949,1949,2024-04-12,Cash on Delivery,Completed,96037.42
1950,1950,2024-04-10,Net Banking,Completed,145872.0
1951,1951,2024-05-27,Net Banking,Completed,352583.38
1952,1952,2025-08-13,Net Banking,Completed,238290.63
1953,1953,2024-03-06,Debit Card,Completed,85689.75
1954,1954,2024-12-06,Debit Card,Completed,134071.31
1955,1955,2024-01-18,Cash on Delivery,Completed,273920.25
1956,1956,2025-01-04,Net Banking,Completed,351298.04
1957,1957,2024-07-18,Cash on Delivery,Completed,97291.22
1958,1958,2025-04-28,Net Banking,Completed,121567.56
1959,1959,2024-08-04,Net Banking,Completed,28057.07
1960,1960,2024-11-21,Debit Card,Completed,13250.55
1961,1961,2024-11-12,UPI,Completed,204442.97
1962,1962,2025-05-23,Debit Card,Completed,89520.98
1963,1963,2025-01-14,Wallet,Completed,122055.36
1964,1964,2024-06-10,UPI,Failed,150196.91
1965,1965,2024-10-11,Debit Card,Completed,203142.02
1966,1966,2024-04-20,Cash on Delivery,Completed,88907.72
1967,1967,2025-03-15,Debit Card,Completed,122542.23
1968,1968,2025-09-21,Wallet,Completed,306387.07
1969,1969,2024-03-21,Cash on Delivery,Completed,181229.22
1970,1970,2024-10-14,Cash on Delivery,Refunded,380012.18
1971,1971,2024-06-13,Wallet,Completed,303264.69
1972,1972,2024-11-18,Cash on Delivery,Completed,129395.51
1973,1973,2025-05-20,UPI,Completed,302066.88
1974,1974,2024-06-10,UPI,Completed,234831.91
1975,1975,2025-10-12,Debit Card,Completed,16125.53
1976,1976,2025-01-01,Cash on Delivery,Completed,134427.57
1977,1977,2024-05-11,UPI,Completed,158948.78
1978,1978,2025-06-02,UPI,Completed,229675.64
1979,1979,2025-10-03,Debit Card,Completed,177173.0
1980,1980,2025-05-13,Debit Card,Completed,217927.09
1981,1981,2024-03-29,Debit Card,Completed,268206.22
1982,1982,2024-10-11,Debit Card,Completed,88707.8
1983,1983,2024-08-25,Net Banking,Completed,151407.95
1984,1984,2025-06-30,Cash on Delivery,Completed,155261.22
1985,1985,2025-11-03,UPI,Completed,100214.06
1986,1986,2024-10-12,Cash on Delivery,Completed,128399.3
1987,1987,2024-07-20,Wallet,Completed,23163.75
1988,1988,2024-12-12,Cash on Delivery,Completed,102623.96
1989,1989,2024-06-08,Wallet,Pending,179858.22
1990,1990,2025-06-08,Cash on Delivery,Completed,150464.61
1991,1991,2025-07-09,Credit Card,Completed,37496.03
1992,1992,2025-07-28,Debit Card,Completed,163459.68
1993,1993,2025-04-07,UPI,Completed,170726.86
1994,1994,2024-09-23,Credit Card,Completed,68884.0
1995,1995,2025-04-06,UPI,Completed,232138.36
1996,1996,2025-09-19,Wallet,Completed,16115.17
1997,1997,2025-03-10,Cash on Delivery,Refunded,142141.41
1998,1998,2025-01-22,UPI,Completed,341810.22
1999,1999,2025-03-12,Cash on Delivery,Completed,199048.29
2000,2000,2025-04-25,Debit Card,Completed,212556.42
